-- VOLTAR PARA POSTGRES NO NEON ANTES DE RODAR
INSERT INTO "User" (id, name, email, password, role, "investorId", "createdAt", "updatedAt") VALUES ('cmm6t07md0000up6stu4090y0', 'Administrador', 'admin@begeluk.com', '$2b$10$cl81JRXV20Ve6rucOsfECOV6A/ACgkU7Oy0HangrZ53k0YzgQTRGG', 'ADMIN', NULL, '2026-02-28T20:58:57.301Z', '2026-02-28T20:58:57.301Z') ON CONFLICT (id) DO NOTHING;
INSERT INTO "User" (id, name, email, password, role, "investorId", "createdAt", "updatedAt") VALUES ('cmm7w0ay90000uprcku81rqw5', 'Leonardo Tonelli', 'leonardo@gelukbank.com.br', '$2b$10$5PVCZfdgbr3bZNirPimfPeVIGX5/UAfmIUWpez4y8/ogEkWKag42a', 'MANAGER', NULL, '2026-03-01T15:10:46.640Z', '2026-03-01T19:17:30.544Z') ON CONFLICT (id) DO NOTHING;
INSERT INTO "User" (id, name, email, password, role, "investorId", "createdAt", "updatedAt") VALUES ('cmm7w6l9d0000up7wa7nof2vi', 'Raphael', 'raphael@geluk.com.br', '$2b$10$eXbfPs/lA5Cy6ceTR6XUYuzwhsrPiO1a6mWevp1o/kXe7Fg3FoRVq', 'INVESTOR', 'cmm78nd0m0002upx0tx13kuwn', '2026-03-01T15:15:39.937Z', '2026-03-01T15:15:39.937Z') ON CONFLICT (id) DO NOTHING;
INSERT INTO "User" (id, name, email, password, role, "investorId", "createdAt", "updatedAt") VALUES ('cmm7w6lbv0001up7wgg3nr9kf', 'Angela', 'angela@geluk.com.br', '$2b$10$AAJU8M.LYw3QLdfMrtyMl.2As3945bCcDC6RFea9tttGrL/ooDGla', 'INVESTOR', 'cmm7axmu30000upwclsiaridt', '2026-03-01T15:15:40.028Z', '2026-03-01T15:15:40.028Z') ON CONFLICT (id) DO NOTHING;
INSERT INTO "User" (id, name, email, password, role, "investorId", "createdAt", "updatedAt") VALUES ('cmm7w6leb0002up7wm8uue6xq', 'Nilo', 'nilo@geluk.com.br', '$2b$10$gq8p1ivpBUAD1LshWClNoenbQ5Z71jrH9ncVFiKfeMVTDGmYGFY.W', 'INVESTOR', 'cmm7azvvs0005upwc1s1eegnf', '2026-03-01T15:15:40.115Z', '2026-03-01T15:15:40.115Z') ON CONFLICT (id) DO NOTHING;
INSERT INTO "User" (id, name, email, password, role, "investorId", "createdAt", "updatedAt") VALUES ('cmm7w6lgs0003up7wicp6f4l6', 'Fabio', 'fabio@geluk.com.br', '$2b$10$1t8TxQ6nlrfqyxCVkruTVuouvNNbTNEpoyxf0pwxrazPuxSTMF4Ri', 'INVESTOR', 'cmm7b6kvz000eupwc7wklbfnz', '2026-03-01T15:15:40.204Z', '2026-03-01T15:15:40.204Z') ON CONFLICT (id) DO NOTHING;
INSERT INTO "Client" (id, name, "createdAt", "updatedAt") VALUES ('cmm6u8i920002up6scht002dm', 'Platinum', '2026-02-28T21:33:23.942Z', '2026-02-28T21:33:23.942Z') ON CONFLICT (id) DO NOTHING;
INSERT INTO "Client" (id, name, "createdAt", "updatedAt") VALUES ('cmm6u8i9l0003up6sqsgqahtt', 'Vertrauen', '2026-02-28T21:33:23.962Z', '2026-02-28T21:33:23.962Z') ON CONFLICT (id) DO NOTHING;
INSERT INTO "Client" (id, name, "createdAt", "updatedAt") VALUES ('cmm6u8i9z0004up6san15p0yj', 'AZ', '2026-02-28T21:33:23.975Z', '2026-02-28T21:33:23.975Z') ON CONFLICT (id) DO NOTHING;
INSERT INTO "Client" (id, name, "createdAt", "updatedAt") VALUES ('cmm6u8iac0005up6sewl0ojde', 'Zilhões', '2026-02-28T21:33:23.988Z', '2026-02-28T21:33:23.988Z') ON CONFLICT (id) DO NOTHING;
INSERT INTO "Client" (id, name, "createdAt", "updatedAt") VALUES ('cmm6u8iao0006up6ssk8artcx', 'Rimedualc', '2026-02-28T21:33:24.000Z', '2026-02-28T21:33:24.000Z') ON CONFLICT (id) DO NOTHING;
INSERT INTO "Client" (id, name, "createdAt", "updatedAt") VALUES ('cmm6u8ib00007up6sbylhednk', 'Kansas Vidros', '2026-02-28T21:33:24.013Z', '2026-02-28T21:33:24.013Z') ON CONFLICT (id) DO NOTHING;
INSERT INTO "Client" (id, name, "createdAt", "updatedAt") VALUES ('cmm6u8ibf0008up6sdjzzl70l', 'Só Metais', '2026-02-28T21:33:24.027Z', '2026-02-28T21:33:24.027Z') ON CONFLICT (id) DO NOTHING;
INSERT INTO "Client" (id, name, "createdAt", "updatedAt") VALUES ('cmm6u8ibr0009up6s9oluss0l', 'Terrinha', '2026-02-28T21:33:24.040Z', '2026-02-28T21:33:24.040Z') ON CONFLICT (id) DO NOTHING;
INSERT INTO "Client" (id, name, "createdAt", "updatedAt") VALUES ('cmm6u8ic4000aup6say7nhatw', 'Canaa', '2026-02-28T21:33:24.052Z', '2026-02-28T21:33:24.052Z') ON CONFLICT (id) DO NOTHING;
INSERT INTO "Client" (id, name, "createdAt", "updatedAt") VALUES ('cmm6u8icg000bup6sfurhwryh', 'Via Brilho', '2026-02-28T21:33:24.064Z', '2026-02-28T21:33:24.064Z') ON CONFLICT (id) DO NOTHING;
INSERT INTO "Client" (id, name, "createdAt", "updatedAt") VALUES ('cmm6u8ics000cup6sp2uk3420', 'Alegro Trip', '2026-02-28T21:33:24.077Z', '2026-02-28T21:33:24.077Z') ON CONFLICT (id) DO NOTHING;
INSERT INTO "Client" (id, name, "createdAt", "updatedAt") VALUES ('cmm6u8id7000dup6scs7jiksa', 'Já Soluções', '2026-02-28T21:33:24.092Z', '2026-02-28T21:33:24.092Z') ON CONFLICT (id) DO NOTHING;
INSERT INTO "Client" (id, name, "createdAt", "updatedAt") VALUES ('cmm6u8idk000eup6s301lw4nf', 'PL', '2026-02-28T21:33:24.105Z', '2026-02-28T21:33:24.105Z') ON CONFLICT (id) DO NOTHING;
INSERT INTO "Client" (id, name, "createdAt", "updatedAt") VALUES ('cmm6u8idx000fup6skbc4fqaj', 'Maia', '2026-02-28T21:33:24.117Z', '2026-02-28T21:33:24.117Z') ON CONFLICT (id) DO NOTHING;
INSERT INTO "Client" (id, name, "createdAt", "updatedAt") VALUES ('cmm6u8iea000gup6sui2ph9l8', 'VMR Cabral', '2026-02-28T21:33:24.130Z', '2026-02-28T21:33:24.130Z') ON CONFLICT (id) DO NOTHING;
INSERT INTO "Client" (id, name, "createdAt", "updatedAt") VALUES ('cmm6u8iem000hup6sbvau7irk', 'Gadita', '2026-02-28T21:33:24.143Z', '2026-02-28T21:33:24.143Z') ON CONFLICT (id) DO NOTHING;
INSERT INTO "Client" (id, name, "createdAt", "updatedAt") VALUES ('cmm6u8iez000iup6swy32pane', 'Bela', '2026-02-28T21:33:24.155Z', '2026-02-28T21:33:24.155Z') ON CONFLICT (id) DO NOTHING;
INSERT INTO "Client" (id, name, "createdAt", "updatedAt") VALUES ('cmm6u94b4006jup6sw5611a8r', 'Datausi', '2026-02-28T21:33:52.528Z', '2026-02-28T21:33:52.528Z') ON CONFLICT (id) DO NOTHING;
INSERT INTO "Client" (id, name, "createdAt", "updatedAt") VALUES ('cmm6u94bj006kup6sqg34g7gd', 'Mega Industria', '2026-02-28T21:33:52.543Z', '2026-02-28T21:33:52.543Z') ON CONFLICT (id) DO NOTHING;
INSERT INTO "Client" (id, name, "createdAt", "updatedAt") VALUES ('cmm6u94bw006lup6s8xoiorjp', 'Metalur', '2026-02-28T21:33:52.556Z', '2026-02-28T21:33:52.556Z') ON CONFLICT (id) DO NOTHING;
INSERT INTO "Client" (id, name, "createdAt", "updatedAt") VALUES ('cmm6u94c8006mup6s2yun5ob4', 'Alternativa', '2026-02-28T21:33:52.569Z', '2026-02-28T21:33:52.569Z') ON CONFLICT (id) DO NOTHING;
INSERT INTO "Client" (id, name, "createdAt", "updatedAt") VALUES ('cmm6u94ck006nup6sdsh8ecco', 'M Core', '2026-02-28T21:33:52.581Z', '2026-02-28T21:33:52.581Z') ON CONFLICT (id) DO NOTHING;
INSERT INTO "Client" (id, name, "createdAt", "updatedAt") VALUES ('cmm6u94cz006oup6s161u3h8h', 'WLC', '2026-02-28T21:33:52.595Z', '2026-02-28T21:33:52.595Z') ON CONFLICT (id) DO NOTHING;
INSERT INTO "Client" (id, name, "createdAt", "updatedAt") VALUES ('cmm6u94db006pup6s6fxlnwht', 'HYNO', '2026-02-28T21:33:52.608Z', '2026-02-28T21:33:52.608Z') ON CONFLICT (id) DO NOTHING;
INSERT INTO "Client" (id, name, "createdAt", "updatedAt") VALUES ('cmm6u94dp006qup6s11qhv2gk', 'Target', '2026-02-28T21:33:52.622Z', '2026-02-28T21:33:52.622Z') ON CONFLICT (id) DO NOTHING;
INSERT INTO "Client" (id, name, "createdAt", "updatedAt") VALUES ('cmm6u94e2006rup6sdlgv92rf', 'Promosul', '2026-02-28T21:33:52.634Z', '2026-02-28T21:33:52.634Z') ON CONFLICT (id) DO NOTHING;
INSERT INTO "Client" (id, name, "createdAt", "updatedAt") VALUES ('cmm6u94ef006sup6s7vok6dll', 'Estima', '2026-02-28T21:33:52.647Z', '2026-02-28T21:33:52.647Z') ON CONFLICT (id) DO NOTHING;
INSERT INTO "Client" (id, name, "createdAt", "updatedAt") VALUES ('cmm6u94er006tup6s8a4rbr0p', 'Micro Servecia', '2026-02-28T21:33:52.659Z', '2026-02-28T21:33:52.659Z') ON CONFLICT (id) DO NOTHING;
INSERT INTO "Client" (id, name, "createdAt", "updatedAt") VALUES ('cmm6u94f5006uup6sdwaps58t', 'LH Medicamentos', '2026-02-28T21:33:52.674Z', '2026-02-28T21:33:52.674Z') ON CONFLICT (id) DO NOTHING;
INSERT INTO "Client" (id, name, "createdAt", "updatedAt") VALUES ('cmm6u94fi006vup6s3t3elb0d', 'Mapell Clean', '2026-02-28T21:33:52.686Z', '2026-02-28T21:33:52.686Z') ON CONFLICT (id) DO NOTHING;
INSERT INTO "Client" (id, name, "createdAt", "updatedAt") VALUES ('cmm6u94fv006wup6sm09wk3ml', 'Flora Braz', '2026-02-28T21:33:52.699Z', '2026-02-28T21:33:52.699Z') ON CONFLICT (id) DO NOTHING;
INSERT INTO "Client" (id, name, "createdAt", "updatedAt") VALUES ('cmm6u94g8006xup6s8xy7fuo7', 'Grax', '2026-02-28T21:33:52.712Z', '2026-02-28T21:33:52.712Z') ON CONFLICT (id) DO NOTHING;
INSERT INTO "Client" (id, name, "createdAt", "updatedAt") VALUES ('cmm6u94gk006yup6sul9ervhc', 'Joana Darc', '2026-02-28T21:33:52.725Z', '2026-02-28T21:33:52.725Z') ON CONFLICT (id) DO NOTHING;
INSERT INTO "Client" (id, name, "createdAt", "updatedAt") VALUES ('cmm6u94gy006zup6sut0km8og', 'JD Carneiro', '2026-02-28T21:33:52.738Z', '2026-02-28T21:33:52.738Z') ON CONFLICT (id) DO NOTHING;
INSERT INTO "Client" (id, name, "createdAt", "updatedAt") VALUES ('cmm6u94hc0070up6su3cca9xn', 'Quallity', '2026-02-28T21:33:52.753Z', '2026-02-28T21:33:52.753Z') ON CONFLICT (id) DO NOTHING;
INSERT INTO "Client" (id, name, "createdAt", "updatedAt") VALUES ('cmm6u94hr0071up6snqn1vbzv', 'GH Material', '2026-02-28T21:33:52.767Z', '2026-02-28T21:33:52.767Z') ON CONFLICT (id) DO NOTHING;
INSERT INTO "Client" (id, name, "createdAt", "updatedAt") VALUES ('cmm6u94i30072up6soijwjjsv', 'Binho', '2026-02-28T21:33:52.780Z', '2026-02-28T21:33:52.780Z') ON CONFLICT (id) DO NOTHING;
INSERT INTO "Client" (id, name, "createdAt", "updatedAt") VALUES ('cmm6u94ig0073up6srhwytrt9', 'Moch', '2026-02-28T21:33:52.793Z', '2026-02-28T21:33:52.793Z') ON CONFLICT (id) DO NOTHING;
INSERT INTO "Client" (id, name, "createdAt", "updatedAt") VALUES ('cmm6u94it0074up6soocn8but', 'Infinity', '2026-02-28T21:33:52.805Z', '2026-02-28T21:33:52.805Z') ON CONFLICT (id) DO NOTHING;
INSERT INTO "Client" (id, name, "createdAt", "updatedAt") VALUES ('cmm6u94j50075up6s2m9mrt59', 'Bpack', '2026-02-28T21:33:52.817Z', '2026-02-28T21:33:52.817Z') ON CONFLICT (id) DO NOTHING;
INSERT INTO "Client" (id, name, "createdAt", "updatedAt") VALUES ('cmm6u94jj0076up6sux7gyufc', 'Baeta', '2026-02-28T21:33:52.831Z', '2026-02-28T21:33:52.831Z') ON CONFLICT (id) DO NOTHING;
INSERT INTO "Client" (id, name, "createdAt", "updatedAt") VALUES ('cmm6u94jw0077up6s4o0ko9hh', 'Stutt', '2026-02-28T21:33:52.845Z', '2026-02-28T21:33:52.845Z') ON CONFLICT (id) DO NOTHING;
INSERT INTO "Client" (id, name, "createdAt", "updatedAt") VALUES ('cmm6u94k90078up6s4aw77c54', 'Rei autopeças', '2026-02-28T21:33:52.857Z', '2026-02-28T21:33:52.857Z') ON CONFLICT (id) DO NOTHING;
INSERT INTO "Client" (id, name, "createdAt", "updatedAt") VALUES ('cmm6u94kl0079up6s13zkq2av', 'Rak', '2026-02-28T21:33:52.869Z', '2026-02-28T21:33:52.869Z') ON CONFLICT (id) DO NOTHING;
INSERT INTO "Client" (id, name, "createdAt", "updatedAt") VALUES ('cmm6u94ky007aup6ssnppv9tp', 'Augusto Modelagem', '2026-02-28T21:33:52.882Z', '2026-02-28T21:33:52.882Z') ON CONFLICT (id) DO NOTHING;
INSERT INTO "Client" (id, name, "createdAt", "updatedAt") VALUES ('cmm6u94la007bup6s51qqyzky', '4S', '2026-02-28T21:33:52.895Z', '2026-02-28T21:33:52.895Z') ON CONFLICT (id) DO NOTHING;
INSERT INTO "Client" (id, name, "createdAt", "updatedAt") VALUES ('cmm6u94lo007cup6shslgjgrz', 'Natzar', '2026-02-28T21:33:52.908Z', '2026-02-28T21:33:52.908Z') ON CONFLICT (id) DO NOTHING;
INSERT INTO "Client" (id, name, "createdAt", "updatedAt") VALUES ('cmm6u94m2007dup6sh5lb31ao', 'Roguelimp', '2026-02-28T21:33:52.923Z', '2026-02-28T21:33:52.923Z') ON CONFLICT (id) DO NOTHING;
INSERT INTO "Client" (id, name, "createdAt", "updatedAt") VALUES ('cmm6u94mf007eup6sl2j2o5c7', 'Vanderlei Martins', '2026-02-28T21:33:52.935Z', '2026-02-28T21:33:52.935Z') ON CONFLICT (id) DO NOTHING;
INSERT INTO "Client" (id, name, "createdAt", "updatedAt") VALUES ('cmm6u94mr007fup6skyw2lpta', 'Lmz', '2026-02-28T21:33:52.947Z', '2026-02-28T21:33:52.947Z') ON CONFLICT (id) DO NOTHING;
INSERT INTO "Client" (id, name, "createdAt", "updatedAt") VALUES ('cmm6u94n3007gup6sm1td2g9f', 'VK', '2026-02-28T21:33:52.960Z', '2026-02-28T21:33:52.960Z') ON CONFLICT (id) DO NOTHING;
INSERT INTO "Client" (id, name, "createdAt", "updatedAt") VALUES ('cmm6u94ng007hup6sxecgmkk5', 'Famab', '2026-02-28T21:33:52.973Z', '2026-02-28T21:33:52.973Z') ON CONFLICT (id) DO NOTHING;
INSERT INTO "Client" (id, name, "createdAt", "updatedAt") VALUES ('cmm6u94nt007iup6strcyvuec', 'Benzol', '2026-02-28T21:33:52.986Z', '2026-02-28T21:33:52.986Z') ON CONFLICT (id) DO NOTHING;
INSERT INTO "Client" (id, name, "createdAt", "updatedAt") VALUES ('cmm6u94o8007jup6sb7k8xu64', 'MK', '2026-02-28T21:33:53.001Z', '2026-02-28T21:33:53.001Z') ON CONFLICT (id) DO NOTHING;
INSERT INTO "Client" (id, name, "createdAt", "updatedAt") VALUES ('cmm6u94ok007kup6shbkprwwy', 'JCP', '2026-02-28T21:33:53.013Z', '2026-02-28T21:33:53.013Z') ON CONFLICT (id) DO NOTHING;
INSERT INTO "Client" (id, name, "createdAt", "updatedAt") VALUES ('cmm6u94ox007lup6sbb2qopo0', 'SM Ferreira', '2026-02-28T21:33:53.026Z', '2026-02-28T21:33:53.026Z') ON CONFLICT (id) DO NOTHING;
INSERT INTO "Client" (id, name, "createdAt", "updatedAt") VALUES ('cmm6u94pa007mup6s9gtxway9', 'Rise', '2026-02-28T21:33:53.038Z', '2026-02-28T21:33:53.038Z') ON CONFLICT (id) DO NOTHING;
INSERT INTO "Client" (id, name, "createdAt", "updatedAt") VALUES ('cmm6u94pn007nup6s04krlk12', 'MHF', '2026-02-28T21:33:53.051Z', '2026-02-28T21:33:53.051Z') ON CONFLICT (id) DO NOTHING;
INSERT INTO "Client" (id, name, "createdAt", "updatedAt") VALUES ('cmm6u94pz007oup6sflkm9doz', 'Metalzord', '2026-02-28T21:33:53.064Z', '2026-02-28T21:33:53.064Z') ON CONFLICT (id) DO NOTHING;
INSERT INTO "Client" (id, name, "createdAt", "updatedAt") VALUES ('cmm6u94qc007pup6s6ogawzzu', 'Dimetal', '2026-02-28T21:33:53.077Z', '2026-02-28T21:33:53.077Z') ON CONFLICT (id) DO NOTHING;
INSERT INTO "Client" (id, name, "createdAt", "updatedAt") VALUES ('cmm6u94qq007qup6s6zhcfdu0', 'DJ', '2026-02-28T21:33:53.090Z', '2026-02-28T21:33:53.090Z') ON CONFLICT (id) DO NOTHING;
INSERT INTO "Client" (id, name, "createdAt", "updatedAt") VALUES ('cmm6u94r4007rup6s55qmuii4', 'Marflon', '2026-02-28T21:33:53.104Z', '2026-02-28T21:33:53.104Z') ON CONFLICT (id) DO NOTHING;
INSERT INTO "Client" (id, name, "createdAt", "updatedAt") VALUES ('cmm6u94rg007sup6sebhj4fwp', 'Berto', '2026-02-28T21:33:53.117Z', '2026-02-28T21:33:53.117Z') ON CONFLICT (id) DO NOTHING;
INSERT INTO "Investor" (id, name, rate, type, "startDate", "userId", "createdAt", "updatedAt") VALUES ('cmm78nd0m0002upx0tx13kuwn', 'Raphael', 1.7, 'REINVESTIMENTO', '2023-06-16T00:00:00.000Z', 'cmm7w6l9d0000up7wa7nof2vi', '2026-03-01T04:16:51.622Z', '2026-03-01T15:15:39.951Z') ON CONFLICT (id) DO NOTHING;
INSERT INTO "Investor" (id, name, rate, type, "startDate", "userId", "createdAt", "updatedAt") VALUES ('cmm7axmu30000upwclsiaridt', 'Angela', 1.5, 'REINVESTIMENTO', '2022-08-19T00:00:00.000Z', 'cmm7w6lbv0001up7wgg3nr9kf', '2026-03-01T05:20:50.139Z', '2026-03-01T15:15:40.041Z') ON CONFLICT (id) DO NOTHING;
INSERT INTO "Investor" (id, name, rate, type, "startDate", "userId", "createdAt", "updatedAt") VALUES ('cmm7azvvs0005upwc1s1eegnf', 'Nilo', 1.5, 'RETIRADA', '2023-02-27T00:00:00.000Z', 'cmm7w6leb0002up7wm8uue6xq', '2026-03-01T05:22:35.176Z', '2026-03-01T15:15:40.128Z') ON CONFLICT (id) DO NOTHING;
INSERT INTO "Investor" (id, name, rate, type, "startDate", "userId", "createdAt", "updatedAt") VALUES ('cmm7b6kvz000eupwc7wklbfnz', 'Fabio', 1.6, 'RETIRADA', '2023-04-20T00:00:00.000Z', 'cmm7w6lgs0003up7wicp6f4l6', '2026-03-01T05:27:47.519Z', '2026-03-01T15:15:40.219Z') ON CONFLICT (id) DO NOTHING;
INSERT INTO "Operation" (id, "clientId", date, "valorBruto", fator, percentual, "percentualPrazo", dias, tarifas, "percentualTarifas", "adValorem", "percentualAdValorem", irpj, iof, "iofAdicional", "valorLiquido", recompra, "createdAt", "updatedAt") VALUES ('cmm6wbt0a00riup6sdjcb1q26', 'cmm6u8i920002up6scht002dm', '2026-01-02T12:00:00.000Z', 9330.32, 823.16, 8.82, 7.23, 37.81, 329.35, 3.53, 35.28, 0.38, NULL, 7.65, 80.81, 8054.07, NULL, '2026-02-28T22:31:57.082Z', '2026-02-28T22:31:57.082Z') ON CONFLICT (id) DO NOTHING;
INSERT INTO "Operation" (id, "clientId", date, "valorBruto", fator, percentual, "percentualPrazo", dias, tarifas, "percentualTarifas", "adValorem", "percentualAdValorem", irpj, iof, "iofAdicional", "valorLiquido", recompra, "createdAt", "updatedAt") VALUES ('cmm6wbt0m00rkup6s7i34y5yv', 'cmm6u8i920002up6scht002dm', '2026-01-05T12:00:00.000Z', 17888, 2208.61, 12.35, 7.75, 49.39, 440.7, 2.46, 88.35, 0.49, NULL, 18.93, 148.94, 14982.47, NULL, '2026-02-28T22:31:57.094Z', '2026-02-28T22:31:57.094Z') ON CONFLICT (id) DO NOTHING;
INSERT INTO "Operation" (id, "clientId", date, "valorBruto", fator, percentual, "percentualPrazo", dias, tarifas, "percentualTarifas", "adValorem", "percentualAdValorem", irpj, iof, "iofAdicional", "valorLiquido", recompra, "createdAt", "updatedAt") VALUES ('cmm6wbt0y00rmup6s149lgesf', 'cmm6u8i920002up6scht002dm', '2026-01-06T12:00:00.000Z', 14464.63, 1346.53, 9.31, 7.75, 37.24, 418.43, 2.89, 53.86, 0.37, NULL, 29.05, 124.63, 12492.13, NULL, '2026-02-28T22:31:57.107Z', '2026-02-28T22:31:57.107Z') ON CONFLICT (id) DO NOTHING;
INSERT INTO "Operation" (id, "clientId", date, "valorBruto", fator, percentual, "percentualPrazo", dias, tarifas, "percentualTarifas", "adValorem", "percentualAdValorem", irpj, iof, "iofAdicional", "valorLiquido", recompra, "createdAt", "updatedAt") VALUES ('cmm6wbt1c00roup6sz8up7268', 'cmm6u8i9l0003up6sqsgqahtt', '2026-01-06T12:00:00.000Z', 6874.4, 878.47, 12.78, 6.2, 63.89, 373.89, 5.44, 43.92, 0.64, NULL, 9.85, 56.95, 3942.53, 1568.79, '2026-02-28T22:31:57.120Z', '2026-02-28T22:31:57.120Z') ON CONFLICT (id) DO NOTHING;
INSERT INTO "Operation" (id, "clientId", date, "valorBruto", fator, percentual, "percentualPrazo", dias, tarifas, "percentualTarifas", "adValorem", "percentualAdValorem", irpj, iof, "iofAdicional", "valorLiquido", recompra, "createdAt", "updatedAt") VALUES ('cmm6wbt1n00rqup6s1460huy3', 'cmm6u8i9z0004up6san15p0yj', '2026-01-06T12:00:00.000Z', 6931.3, 420.07, 6.06, 6.72, 27.97, 112.54, 1.62, 32.32, 0.47, NULL, 4.23, 61.85, 2671, 3629.29, '2026-02-28T22:31:57.131Z', '2026-02-28T22:31:57.131Z') ON CONFLICT (id) DO NOTHING;
INSERT INTO "Operation" (id, "clientId", date, "valorBruto", fator, percentual, "percentualPrazo", dias, tarifas, "percentualTarifas", "adValorem", "percentualAdValorem", irpj, iof, "iofAdicional", "valorLiquido", recompra, "createdAt", "updatedAt") VALUES ('cmm6wbt1y00rsup6srneokyp0', 'cmm6u8i920002up6scht002dm', '2026-01-07T12:00:00.000Z', 13044.65, 1294.3, 9.92, 7.54, 40.78, 373.89, 2.87, 53.2, 0.41, NULL, 33.72, 111.61, 11177.93, NULL, '2026-02-28T22:31:57.143Z', '2026-02-28T22:31:57.143Z') ON CONFLICT (id) DO NOTHING;
INSERT INTO "Operation" (id, "clientId", date, "valorBruto", fator, percentual, "percentualPrazo", dias, tarifas, "percentualTarifas", "adValorem", "percentualAdValorem", irpj, iof, "iofAdicional", "valorLiquido", recompra, "createdAt", "updatedAt") VALUES ('cmm6wbt2b00ruup6sz04j1yxy', 'cmm6u8iac0005up6sewl0ojde', '2026-01-08T12:00:00.000Z', 68635, 9770.99, 14.24, 6.41, 68.88, 351.62, 0.51, 630.39, 0.92, NULL, 230.19, 559.2, 3292.61, 53800, '2026-02-28T22:31:57.155Z', '2026-02-28T22:31:57.155Z') ON CONFLICT (id) DO NOTHING;
INSERT INTO "Operation" (id, "clientId", date, "valorBruto", fator, percentual, "percentualPrazo", dias, tarifas, "percentualTarifas", "adValorem", "percentualAdValorem", irpj, iof, "iofAdicional", "valorLiquido", recompra, "createdAt", "updatedAt") VALUES ('cmm6wbt2m00rwup6s8slpd9u4', 'cmm6u8i920002up6scht002dm', '2026-01-08T12:00:00.000Z', 8831.8, 1157.95, 13.11, 7.44, 54.63, 329.35, 3.73, 48.25, 0.55, NULL, 31.71, 72.9, 7191.64, NULL, '2026-02-28T22:31:57.167Z', '2026-02-28T22:31:57.167Z') ON CONFLICT (id) DO NOTHING;
INSERT INTO "Operation" (id, "clientId", date, "valorBruto", fator, percentual, "percentualPrazo", dias, tarifas, "percentualTarifas", "adValorem", "percentualAdValorem", irpj, iof, "iofAdicional", "valorLiquido", recompra, "createdAt", "updatedAt") VALUES ('cmm6wbt2z00ryup6svg7w8j1b', 'cmm6u8iao0006up6ssk8artcx', '2026-01-08T12:00:00.000Z', 45691.5, 4135.83, 9.05, 6.2, 45.26, 112.54, 0.25, 137.87, 0.3, NULL, 101.51, 394.78, 4770.47, 36038.5, '2026-02-28T22:31:57.180Z', '2026-02-28T22:31:57.180Z') ON CONFLICT (id) DO NOTHING;
INSERT INTO "Operation" (id, "clientId", date, "valorBruto", fator, percentual, "percentualPrazo", dias, tarifas, "percentualTarifas", "adValorem", "percentualAdValorem", irpj, iof, "iofAdicional", "valorLiquido", recompra, "createdAt", "updatedAt") VALUES ('cmm6wbt3c00s0up6swnfoidd6', 'cmm6u8i920002up6scht002dm', '2026-01-09T12:00:00.000Z', 11238.11, 1688.92, 15.03, 7.65, 60.93, 373.89, 3.33, 68.46, 0.61, NULL, 44.02, 90.71, 8972.11, NULL, '2026-02-28T22:31:57.192Z', '2026-02-28T22:31:57.192Z') ON CONFLICT (id) DO NOTHING;
INSERT INTO "Operation" (id, "clientId", date, "valorBruto", fator, percentual, "percentualPrazo", dias, tarifas, "percentualTarifas", "adValorem", "percentualAdValorem", irpj, iof, "iofAdicional", "valorLiquido", recompra, "createdAt", "updatedAt") VALUES ('cmm6wbt3n00s2up6saod820zt', 'cmm6u8ib00007up6sbylhednk', '2026-01-09T12:00:00.000Z', 16000, 1421.33, 8.88, 6.72, 41, 262.54, 1.64, 109.33, 0.68, NULL, 14.92, 138.5, 14053.38, NULL, '2026-02-28T22:31:57.204Z', '2026-02-28T22:31:57.204Z') ON CONFLICT (id) DO NOTHING;
INSERT INTO "Operation" (id, "clientId", date, "valorBruto", fator, percentual, "percentualPrazo", dias, tarifas, "percentualTarifas", "adValorem", "percentualAdValorem", irpj, iof, "iofAdicional", "valorLiquido", recompra, "createdAt", "updatedAt") VALUES ('cmm6wbt3z00s4up6swq7o4nwf', 'cmm6u8i920002up6scht002dm', '2026-01-12T12:00:00.000Z', 12034.64, 1719.53, 14.29, 7.44, 59.53, 373.89, 3.11, 71.64, 0.6, NULL, 47.84, 97.99, 9723.75, NULL, '2026-02-28T22:31:57.215Z', '2026-02-28T22:31:57.215Z') ON CONFLICT (id) DO NOTHING;
INSERT INTO "Operation" (id, "clientId", date, "valorBruto", fator, percentual, "percentualPrazo", dias, tarifas, "percentualTarifas", "adValorem", "percentualAdValorem", irpj, iof, "iofAdicional", "valorLiquido", recompra, "createdAt", "updatedAt") VALUES ('cmm6wbt4b00s6up6sqfgkkkqu', 'cmm6u8i920002up6scht002dm', '2026-01-13T12:00:00.000Z', 10184.98, 825.87, 8.11, 7.75, 32.43, 351.62, 3.45, 33.03, 0.32, NULL, 21.55, 88.91, 8864, NULL, '2026-02-28T22:31:57.227Z', '2026-02-28T22:31:57.227Z') ON CONFLICT (id) DO NOTHING;
INSERT INTO "Operation" (id, "clientId", date, "valorBruto", fator, percentual, "percentualPrazo", dias, tarifas, "percentualTarifas", "adValorem", "percentualAdValorem", irpj, iof, "iofAdicional", "valorLiquido", recompra, "createdAt", "updatedAt") VALUES ('cmm6wbt4o00s8up6suntdp7bu', 'cmm6u8i9z0004up6san15p0yj', '2026-01-13T12:00:00.000Z', 12049.36, 891.03, 7.39, 6.51, 35.21, 295.33, 2.45, 70.71, 0.59, NULL, 8.91, 106.01, 0, 10677.37, '2026-02-28T22:31:57.241Z', '2026-02-28T22:31:57.241Z') ON CONFLICT (id) DO NOTHING;
INSERT INTO "Operation" (id, "clientId", date, "valorBruto", fator, percentual, "percentualPrazo", dias, tarifas, "percentualTarifas", "adValorem", "percentualAdValorem", irpj, iof, "iofAdicional", "valorLiquido", recompra, "createdAt", "updatedAt") VALUES ('cmm6wbt5100saup6sificwkj0', 'cmm6u8ibf0008up6sdjzzl70l', '2026-01-13T12:00:00.000Z', 5764, 462.08, 8.02, 6.72, 37, 81.65, 1.42, 35.54, 0.62, NULL, 4.36, 50.37, 0, 5130, '2026-02-28T22:31:57.253Z', '2026-02-28T22:31:57.253Z') ON CONFLICT (id) DO NOTHING;
INSERT INTO "Operation" (id, "clientId", date, "valorBruto", fator, percentual, "percentualPrazo", dias, tarifas, "percentualTarifas", "adValorem", "percentualAdValorem", irpj, iof, "iofAdicional", "valorLiquido", recompra, "createdAt", "updatedAt") VALUES ('cmm6wbt5c00scup6syxzsaz5y', 'cmm6u8ibr0009up6s9oluss0l', '2026-01-13T12:00:00.000Z', 26178.32, 3696.96, 14.12, 6.72, 65.15, 485.24, 1.85, 113.75, 0.43, NULL, 110.26, 213.56, 21558.55, NULL, '2026-02-28T22:31:57.265Z', '2026-02-28T22:31:57.265Z') ON CONFLICT (id) DO NOTHING;
INSERT INTO "Operation" (id, "clientId", date, "valorBruto", fator, percentual, "percentualPrazo", dias, tarifas, "percentualTarifas", "adValorem", "percentualAdValorem", irpj, iof, "iofAdicional", "valorLiquido", recompra, "createdAt", "updatedAt") VALUES ('cmm6wbt5o00seup6s7fenyz0s', 'cmm6u8ic4000aup6say7nhatw', '2026-01-14T12:00:00.000Z', 17438.73, 2191.47, 12.57, 6.72, 58, 240.27, 1.38, 101.14, 0.58, NULL, 22.98, 144.85, 14738.02, NULL, '2026-02-28T22:31:57.276Z', '2026-02-28T22:31:57.276Z') ON CONFLICT (id) DO NOTHING;
INSERT INTO "Operation" (id, "clientId", date, "valorBruto", fator, percentual, "percentualPrazo", dias, tarifas, "percentualTarifas", "adValorem", "percentualAdValorem", irpj, iof, "iofAdicional", "valorLiquido", recompra, "createdAt", "updatedAt") VALUES ('cmm6wbt6000sgup6spk0uq8o6', 'cmm6u8i920002up6scht002dm', '2026-01-14T12:00:00.000Z', 10045.73, 1058.39, 10.54, 7.44, 43.9, 351.62, 3.5, 44.09, 0.44, NULL, 29.21, 85.37, 8477.05, NULL, '2026-02-28T22:31:57.288Z', '2026-02-28T22:31:57.288Z') ON CONFLICT (id) DO NOTHING;
INSERT INTO "Operation" (id, "clientId", date, "valorBruto", fator, percentual, "percentualPrazo", dias, tarifas, "percentualTarifas", "adValorem", "percentualAdValorem", irpj, iof, "iofAdicional", "valorLiquido", recompra, "createdAt", "updatedAt") VALUES ('cmm6wbt6c00siup6sx7rtlucu', 'cmm6u8i9z0004up6san15p0yj', '2026-01-14T12:00:00.000Z', 12382.88, 775.34, 6.26, 6.72, 28.9, 373.89, 3.02, 59.63, 0.48, NULL, 10.42, 110.27, 193.11, 10860.22, '2026-02-28T22:31:57.300Z', '2026-02-28T22:31:57.300Z') ON CONFLICT (id) DO NOTHING;
INSERT INTO "Operation" (id, "clientId", date, "valorBruto", fator, percentual, "percentualPrazo", dias, tarifas, "percentualTarifas", "adValorem", "percentualAdValorem", irpj, iof, "iofAdicional", "valorLiquido", recompra, "createdAt", "updatedAt") VALUES ('cmm6wbt6o00skup6s4kg5niw2', 'cmm6u8i9l0003up6sqsgqahtt', '2026-01-15T12:00:00.000Z', 3979.91, 472.53, 11.87, 6.2, 59.36, 209.35, 5.26, 23.62, 0.59, NULL, 5.39, 33.31, 3235.71, NULL, '2026-02-28T22:31:57.312Z', '2026-02-28T22:31:57.312Z') ON CONFLICT (id) DO NOTHING;
INSERT INTO "Operation" (id, "clientId", date, "valorBruto", fator, percentual, "percentualPrazo", dias, tarifas, "percentualTarifas", "adValorem", "percentualAdValorem", irpj, iof, "iofAdicional", "valorLiquido", recompra, "createdAt", "updatedAt") VALUES ('cmm6wbt7100smup6sictdbfuf', 'cmm6u8i920002up6scht002dm', '2026-01-15T12:00:00.000Z', 9943.74, 1031.24, 10.37, 7.75, 41.48, 351.62, 3.54, 41.26, 0.41, NULL, 27.02, 84.67, 8407.93, NULL, '2026-02-28T22:31:57.325Z', '2026-02-28T22:31:57.325Z') ON CONFLICT (id) DO NOTHING;
INSERT INTO "Operation" (id, "clientId", date, "valorBruto", fator, percentual, "percentualPrazo", dias, tarifas, "percentualTarifas", "adValorem", "percentualAdValorem", irpj, iof, "iofAdicional", "valorLiquido", recompra, "createdAt", "updatedAt") VALUES ('cmm6wbt7d00soup6s50oc07o0', 'cmm6u8icg000bup6sfurhwryh', '2026-01-16T12:00:00.000Z', 1562.78, 130.1, 8.32, 6.2, 41.63, 59.08, 3.78, 10.85, 0.69, NULL, 1.43, 13.61, -244.81, 1592.52, '2026-02-28T22:31:57.337Z', '2026-02-28T22:31:57.337Z') ON CONFLICT (id) DO NOTHING;
INSERT INTO "Operation" (id, "clientId", date, "valorBruto", fator, percentual, "percentualPrazo", dias, tarifas, "percentualTarifas", "adValorem", "percentualAdValorem", irpj, iof, "iofAdicional", "valorLiquido", recompra, "createdAt", "updatedAt") VALUES ('cmm6wbt7p00squp6s9bth55pi', 'cmm6u8i920002up6scht002dm', '2026-01-16T12:00:00.000Z', 9610.49, 863.43, 8.98, 7.65, 36.42, 329.35, 3.43, 35.01, 0.36, NULL, 22.27, 83.11, 8277.32, NULL, '2026-02-28T22:31:57.350Z', '2026-02-28T22:31:57.350Z') ON CONFLICT (id) DO NOTHING;
INSERT INTO "Operation" (id, "clientId", date, "valorBruto", fator, percentual, "percentualPrazo", dias, tarifas, "percentualTarifas", "adValorem", "percentualAdValorem", irpj, iof, "iofAdicional", "valorLiquido", recompra, "createdAt", "updatedAt") VALUES ('cmm6wbt8100ssup6sujnun52j', 'cmm6u8i920002up6scht002dm', '2026-01-19T12:00:00.000Z', 10158.18, 911.72, 8.98, 7.44, 37.4, 351.62, 3.46, 37.98, 0.37, NULL, 26.05, 87.84, 6631.32, 2111.65, '2026-02-28T22:31:57.361Z', '2026-02-28T22:31:57.361Z') ON CONFLICT (id) DO NOTHING;
INSERT INTO "Operation" (id, "clientId", date, "valorBruto", fator, percentual, "percentualPrazo", dias, tarifas, "percentualTarifas", "adValorem", "percentualAdValorem", irpj, iof, "iofAdicional", "valorLiquido", recompra, "createdAt", "updatedAt") VALUES ('cmm6wbt8d00suup6sjp4xckdk', 'cmm6u8ics000cup6sp2uk3420', '2026-01-19T12:00:00.000Z', 13158, 1136.85, 8.64, 7.44, 36, 262.54, 2, 47.37, 0.36, NULL, 10.37, 114.2, 11586.67, NULL, '2026-02-28T22:31:57.373Z', '2026-02-28T22:31:57.373Z') ON CONFLICT (id) DO NOTHING;
INSERT INTO "Operation" (id, "clientId", date, "valorBruto", fator, percentual, "percentualPrazo", dias, tarifas, "percentualTarifas", "adValorem", "percentualAdValorem", irpj, iof, "iofAdicional", "valorLiquido", recompra, "createdAt", "updatedAt") VALUES ('cmm6wbt8p00swup6sdciwuehi', 'cmm6u8ic4000aup6say7nhatw', '2026-01-19T12:00:00.000Z', 16193.11, 2105.1, 13, 6.72, 60, 240.27, 1.48, 161.93, 1, NULL, 65.84, 133.84, 13486.13, NULL, '2026-02-28T22:31:57.385Z', '2026-02-28T22:31:57.385Z') ON CONFLICT (id) DO NOTHING;
INSERT INTO "Operation" (id, "clientId", date, "valorBruto", fator, percentual, "percentualPrazo", dias, tarifas, "percentualTarifas", "adValorem", "percentualAdValorem", irpj, iof, "iofAdicional", "valorLiquido", recompra, "createdAt", "updatedAt") VALUES ('cmm6wbt9100syup6s6whdgnx2', 'cmm6u8id7000dup6scs7jiksa', '2026-01-20T12:00:00.000Z', 4311.72, 182.6, 4.23, 6.72, 19.55, 229.35, 5.32, 14.06, 0.33, NULL, 1.5, 39.22, 3844.99, NULL, '2026-02-28T22:31:57.398Z', '2026-02-28T22:31:57.398Z') ON CONFLICT (id) DO NOTHING;
INSERT INTO "Operation" (id, "clientId", date, "valorBruto", fator, percentual, "percentualPrazo", dias, tarifas, "percentualTarifas", "adValorem", "percentualAdValorem", irpj, iof, "iofAdicional", "valorLiquido", recompra, "createdAt", "updatedAt") VALUES ('cmm6wbt9d00t0up6setler6g1', 'cmm6u8idk000eup6s301lw4nf', '2026-01-20T12:00:00.000Z', 8904.52, 566.38, 6.36, 6.72, 29.36, 209.35, 2.35, 43.57, 0.49, NULL, 5.11, 79.2, 6990.62, 1010.29, '2026-02-28T22:31:57.410Z', '2026-02-28T22:31:57.410Z') ON CONFLICT (id) DO NOTHING;
INSERT INTO "Operation" (id, "clientId", date, "valorBruto", fator, percentual, "percentualPrazo", dias, tarifas, "percentualTarifas", "adValorem", "percentualAdValorem", irpj, iof, "iofAdicional", "valorLiquido", recompra, "createdAt", "updatedAt") VALUES ('cmm6wbt9q00t2up6siysb3eum', 'cmm6u8ibr0009up6s9oluss0l', '2026-01-20T12:00:00.000Z', 23364, 3923.2, 16.79, 6.72, 77.5, 99.62, 0.43, 120.71, 0.52, NULL, 117.55, 184.68, 17985.04, 933.2, '2026-02-28T22:31:57.422Z', '2026-02-28T22:31:57.422Z') ON CONFLICT (id) DO NOTHING;
INSERT INTO "Operation" (id, "clientId", date, "valorBruto", fator, percentual, "percentualPrazo", dias, tarifas, "percentualTarifas", "adValorem", "percentualAdValorem", irpj, iof, "iofAdicional", "valorLiquido", recompra, "createdAt", "updatedAt") VALUES ('cmm6wbtb500t4up6sz53v28mt', 'cmm6u8idx000fup6skbc4fqaj', '2026-01-20T12:00:00.000Z', 41117.42, 3028.99, 7.37, 6.72, 34, 329.35, 0.8, 233, 0.57, NULL, 88.91, 361.85, 26675.31, 10410.84, '2026-02-28T22:31:57.474Z', '2026-02-28T22:31:57.474Z') ON CONFLICT (id) DO NOTHING;
INSERT INTO "Operation" (id, "clientId", date, "valorBruto", fator, percentual, "percentualPrazo", dias, tarifas, "percentualTarifas", "adValorem", "percentualAdValorem", irpj, iof, "iofAdicional", "valorLiquido", recompra, "createdAt", "updatedAt") VALUES ('cmm6wbtbh00t6up6syg6z869t', 'cmm6u8ibf0008up6sdjzzl70l', '2026-01-20T12:00:00.000Z', 5665, 515.52, 9.1, 6.72, 42, 240.27, 4.24, 39.65, 0.7, NULL, 5.36, 48.92, 4558.24, NULL, '2026-02-28T22:31:57.486Z', '2026-02-28T22:31:57.486Z') ON CONFLICT (id) DO NOTHING;
INSERT INTO "Operation" (id, "clientId", date, "valorBruto", fator, percentual, "percentualPrazo", dias, tarifas, "percentualTarifas", "adValorem", "percentualAdValorem", irpj, iof, "iofAdicional", "valorLiquido", recompra, "createdAt", "updatedAt") VALUES ('cmm6wbtbt00t8up6sgqs7b71p', 'cmm6u8ic4000aup6say7nhatw', '2026-01-21T12:00:00.000Z', 16193.11, 2280.53, 14.08, 6.72, 65, 240.27, 1.48, 175.43, 1.08, NULL, 70.73, 132.17, 13293.98, NULL, '2026-02-28T22:31:57.497Z', '2026-02-28T22:31:57.497Z') ON CONFLICT (id) DO NOTHING;
INSERT INTO "Operation" (id, "clientId", date, "valorBruto", fator, percentual, "percentualPrazo", dias, tarifas, "percentualTarifas", "adValorem", "percentualAdValorem", irpj, iof, "iofAdicional", "valorLiquido", recompra, "createdAt", "updatedAt") VALUES ('cmm6wbtc800taup6s1qacuj22', 'cmm6u8iea000gup6sui2ph9l8', '2026-01-21T12:00:00.000Z', 15000, 1787.5, 11.92, 6.72, 55, 351.62, 2.34, 55, 0.37, NULL, 18.49, 125.54, 12325.4, 336.45, '2026-02-28T22:31:57.512Z', '2026-02-28T22:31:57.512Z') ON CONFLICT (id) DO NOTHING;
INSERT INTO "Operation" (id, "clientId", date, "valorBruto", fator, percentual, "percentualPrazo", dias, tarifas, "percentualTarifas", "adValorem", "percentualAdValorem", irpj, iof, "iofAdicional", "valorLiquido", recompra, "createdAt", "updatedAt") VALUES ('cmm6wbtck00tcup6s2ei13t3a', 'cmm6u8i920002up6scht002dm', '2026-01-21T12:00:00.000Z', 10014.83, 788.43, 7.87, 7.54, 32.35, 351.62, 3.51, 32.4, 0.32, NULL, 20.18, 87.66, 8734.54, NULL, '2026-02-28T22:31:57.525Z', '2026-02-28T22:31:57.525Z') ON CONFLICT (id) DO NOTHING;
INSERT INTO "Operation" (id, "clientId", date, "valorBruto", fator, percentual, "percentualPrazo", dias, tarifas, "percentualTarifas", "adValorem", "percentualAdValorem", irpj, iof, "iofAdicional", "valorLiquido", recompra, "createdAt", "updatedAt") VALUES ('cmm6wbtcw00teup6sk45xfo5c', 'cmm6u8i920002up6scht002dm', '2026-01-22T12:00:00.000Z', 10027.41, 891.48, 8.89, 7.75, 35.56, 351.62, 3.51, 35.66, 0.36, NULL, 22.81, 86.8, 8639.04, NULL, '2026-02-28T22:31:57.537Z', '2026-02-28T22:31:57.537Z') ON CONFLICT (id) DO NOTHING;
INSERT INTO "Operation" (id, "clientId", date, "valorBruto", fator, percentual, "percentualPrazo", dias, tarifas, "percentualTarifas", "adValorem", "percentualAdValorem", irpj, iof, "iofAdicional", "valorLiquido", recompra, "createdAt", "updatedAt") VALUES ('cmm6wbtd800tgup6s56bz78qx', 'cmm6u8i920002up6scht002dm', '2026-01-23T12:00:00.000Z', 9090.21, 1195.75, 13.15, 7.75, 52.62, 329.35, 3.62, 47.84, 0.53, NULL, 31.08, 74.99, 7411.2, NULL, '2026-02-28T22:31:57.549Z', '2026-02-28T22:31:57.549Z') ON CONFLICT (id) DO NOTHING;
INSERT INTO "Operation" (id, "clientId", date, "valorBruto", fator, percentual, "percentualPrazo", dias, tarifas, "percentualTarifas", "adValorem", "percentualAdValorem", irpj, iof, "iofAdicional", "valorLiquido", recompra, "createdAt", "updatedAt") VALUES ('cmm6wbtdl00tiup6sarll5fr4', 'cmm6u8i9z0004up6san15p0yj', '2026-01-23T12:00:00.000Z', 5075.8, 197.97, 3.9, 6.72, 18, 157.08, 3.09, 15.24, 0.3, NULL, 4.18, 46.34, 247.61, 4407.38, '2026-02-28T22:31:57.561Z', '2026-02-28T22:31:57.561Z') ON CONFLICT (id) DO NOTHING;
INSERT INTO "Operation" (id, "clientId", date, "valorBruto", fator, percentual, "percentualPrazo", dias, tarifas, "percentualTarifas", "adValorem", "percentualAdValorem", irpj, iof, "iofAdicional", "valorLiquido", recompra, "createdAt", "updatedAt") VALUES ('cmm6wbtdx00tkup6sg67pse3x', 'cmm6u8iem000hup6sbvau7irk', '2026-01-26T12:00:00.000Z', 3271.23, 222.43, 6.8, 6.72, 31.38, 95.48, 2.92, 6.85, 0.21, NULL, 2.19, 28.96, 2915.32, NULL, '2026-02-28T22:31:57.573Z', '2026-02-28T22:31:57.573Z') ON CONFLICT (id) DO NOTHING;
INSERT INTO "Operation" (id, "clientId", date, "valorBruto", fator, percentual, "percentualPrazo", dias, tarifas, "percentualTarifas", "adValorem", "percentualAdValorem", irpj, iof, "iofAdicional", "valorLiquido", recompra, "createdAt", "updatedAt") VALUES ('cmm6wbteb00tmup6sxigsj7w2', 'cmm6u8iea000gup6sui2ph9l8', '2026-01-26T12:00:00.000Z', 8920, 811.72, 9.1, 6.72, 42, 284.81, 3.19, 24.98, 0.28, NULL, 8.2, 77.03, 7713.26, NULL, '2026-02-28T22:31:57.587Z', '2026-02-28T22:31:57.587Z') ON CONFLICT (id) DO NOTHING;
INSERT INTO "Operation" (id, "clientId", date, "valorBruto", fator, percentual, "percentualPrazo", dias, tarifas, "percentualTarifas", "adValorem", "percentualAdValorem", irpj, iof, "iofAdicional", "valorLiquido", recompra, "createdAt", "updatedAt") VALUES ('cmm6wbteo00toup6sqb16mlno', 'cmm6u8iez000iup6swy32pane', '2026-01-26T12:00:00.000Z', 5717.44, 388.17, 6.79, 6.72, 31.34, 351.62, 6.15, 29.87, 0.52, NULL, 4.05, 50.63, 4555.19, 337.91, '2026-02-28T22:31:57.600Z', '2026-02-28T22:31:57.600Z') ON CONFLICT (id) DO NOTHING;
INSERT INTO "Operation" (id, "clientId", date, "valorBruto", fator, percentual, "percentualPrazo", dias, tarifas, "percentualTarifas", "adValorem", "percentualAdValorem", irpj, iof, "iofAdicional", "valorLiquido", recompra, "createdAt", "updatedAt") VALUES ('cmm6wbtf000tqup6s65n6z7hq', 'cmm6u8ibf0008up6sdjzzl70l', '2026-01-27T12:00:00.000Z', 11884, 1106.88, 9.31, 8.27, 34.93, 134.81, 1.13, 41.51, 0.35, NULL, 9.39, 102.38, 9452.84, 1036.19, '2026-02-28T22:31:57.613Z', '2026-02-28T22:31:57.613Z') ON CONFLICT (id) DO NOTHING;
INSERT INTO "Operation" (id, "clientId", date, "valorBruto", fator, percentual, "percentualPrazo", dias, tarifas, "percentualTarifas", "adValorem", "percentualAdValorem", irpj, iof, "iofAdicional", "valorLiquido", recompra, "createdAt", "updatedAt") VALUES ('cmm6wbtfc00tsup6sg70vzqdq', 'cmm6u8i920002up6scht002dm', '2026-01-27T12:00:00.000Z', 6458.08, 826.66, 12.8, 8.27, 48, 307.08, 4.75, 30.99, 0.48, NULL, 20.35, 53.49, 5219.51, NULL, '2026-02-28T22:31:57.625Z', '2026-02-28T22:31:57.625Z') ON CONFLICT (id) DO NOTHING;
INSERT INTO "Operation" (id, "clientId", date, "valorBruto", fator, percentual, "percentualPrazo", dias, tarifas, "percentualTarifas", "adValorem", "percentualAdValorem", irpj, iof, "iofAdicional", "valorLiquido", recompra, "createdAt", "updatedAt") VALUES ('cmm6wbtfo00tuup6ss6pl9sax', 'cmm6u8icg000bup6sfurhwryh', '2026-01-27T12:00:00.000Z', 1755.31, 147.85, 8.42, 6.2, 42.11, 162.54, 9.26, 4.93, 0.28, NULL, 1.7, 15.27, 17.7, 1405.32, '2026-02-28T22:31:57.636Z', '2026-02-28T22:31:57.636Z') ON CONFLICT (id) DO NOTHING;
INSERT INTO "Operation" (id, "clientId", date, "valorBruto", fator, percentual, "percentualPrazo", dias, tarifas, "percentualTarifas", "adValorem", "percentualAdValorem", irpj, iof, "iofAdicional", "valorLiquido", recompra, "createdAt", "updatedAt") VALUES ('cmm6wbtfz00twup6skebaxd7c', 'cmm6u8ics000cup6sp2uk3420', '2026-01-28T12:00:00.000Z', 8312, 642.79, 7.73, 8.27, 29, 262.54, 3.16, 16.07, 0.19, NULL, 5.35, 72.85, 7312.4, NULL, '2026-02-28T22:31:57.648Z', '2026-02-28T22:31:57.648Z') ON CONFLICT (id) DO NOTHING;
INSERT INTO "Operation" (id, "clientId", date, "valorBruto", fator, percentual, "percentualPrazo", dias, tarifas, "percentualTarifas", "adValorem", "percentualAdValorem", irpj, iof, "iofAdicional", "valorLiquido", recompra, "createdAt", "updatedAt") VALUES ('cmm6wbtge00tyup6suxx8ikup', 'cmm6u8i920002up6scht002dm', '2026-01-28T12:00:00.000Z', 8470.63, 1080.39, 12.75, 7.44, 53.14, 329.35, 3.89, 45.01, 0.53, NULL, 29.97, 70.2, 6915.71, NULL, '2026-02-28T22:31:57.663Z', '2026-02-28T22:31:57.663Z') ON CONFLICT (id) DO NOTHING;
INSERT INTO "Operation" (id, "clientId", date, "valorBruto", fator, percentual, "percentualPrazo", dias, tarifas, "percentualTarifas", "adValorem", "percentualAdValorem", irpj, iof, "iofAdicional", "valorLiquido", recompra, "createdAt", "updatedAt") VALUES ('cmm6wbtgq00u0up6szyr4n38b', 'cmm6u8i920002up6scht002dm', '2026-01-29T12:00:00.000Z', 9867.46, 1466.99, 14.87, 8.27, 55.75, 351.62, 3.56, 55.01, 0.56, NULL, 35.36, 79.81, 7878.67, NULL, '2026-02-28T22:31:57.675Z', '2026-02-28T22:31:57.675Z') ON CONFLICT (id) DO NOTHING;
INSERT INTO "Operation" (id, "clientId", date, "valorBruto", fator, percentual, "percentualPrazo", dias, tarifas, "percentualTarifas", "adValorem", "percentualAdValorem", irpj, iof, "iofAdicional", "valorLiquido", recompra, "createdAt", "updatedAt") VALUES ('cmm6wbth300u2up6sb2upk07n', 'cmm6u8iao0006up6ssk8artcx', '2026-01-29T12:00:00.000Z', 42900, 6606.6, 15.4, 6.2, 77, 140.27, 0.33, 220.22, 0.51, NULL, 223.2, 344.79, 21794.54, 13570.38, '2026-02-28T22:31:57.687Z', '2026-02-28T22:31:57.687Z') ON CONFLICT (id) DO NOTHING;
INSERT INTO "Operation" (id, "clientId", date, "valorBruto", fator, percentual, "percentualPrazo", dias, tarifas, "percentualTarifas", "adValorem", "percentualAdValorem", irpj, iof, "iofAdicional", "valorLiquido", recompra, "createdAt", "updatedAt") VALUES ('cmm6wbthf00u4up6sxfvpeccq', 'cmm6u8icg000bup6sfurhwryh', '2026-01-29T12:00:00.000Z', 3601.1, 366.71, 10.18, 6.72, 47, 164.81, 4.58, 28.2, 0.78, NULL, 3.71, 30.73, 2341.08, 665.86, '2026-02-28T22:31:57.699Z', '2026-02-28T22:31:57.699Z') ON CONFLICT (id) DO NOTHING;
INSERT INTO "Operation" (id, "clientId", date, "valorBruto", fator, percentual, "percentualPrazo", dias, tarifas, "percentualTarifas", "adValorem", "percentualAdValorem", irpj, iof, "iofAdicional", "valorLiquido", recompra, "createdAt", "updatedAt") VALUES ('cmm6wbthr00u6up6slkxvteb4', 'cmm6u8i9z0004up6san15p0yj', '2026-01-29T00:00:00.000Z', 2373.12, 0, 0, 0, 15, 46.74, 1.97, 0, NULL, NULL, 2.34, 22.54, 0, 2557.9, '2026-02-28T22:31:57.711Z', '2026-03-01T02:16:10.025Z') ON CONFLICT (id) DO NOTHING;
INSERT INTO "Operation" (id, "clientId", date, "valorBruto", fator, percentual, "percentualPrazo", dias, tarifas, "percentualTarifas", "adValorem", "percentualAdValorem", irpj, iof, "iofAdicional", "valorLiquido", recompra, "createdAt", "updatedAt") VALUES ('cmm6wbti300u8up6s0hurtjlh', 'cmm6u8ibf0008up6sdjzzl70l', '2026-01-29T12:00:00.000Z', 12114, 1274.31, 10.52, 6.72, 48.55, 262.54, 2.17, 98.02, 0.81, NULL, 24.71, 102.98, 3958.54, 6392.9, '2026-02-28T22:31:57.723Z', '2026-02-28T22:31:57.723Z') ON CONFLICT (id) DO NOTHING;
INSERT INTO "Operation" (id, "clientId", date, "valorBruto", fator, percentual, "percentualPrazo", dias, tarifas, "percentualTarifas", "adValorem", "percentualAdValorem", irpj, iof, "iofAdicional", "valorLiquido", recompra, "createdAt", "updatedAt") VALUES ('cmm6wbtih00uaup6shli7jt4p', 'cmm6u8idx000fup6skbc4fqaj', '2026-01-30T12:00:00.000Z', 23260.83, 1845.56, 7.93, 7.23, 34, 262.54, 1.13, 131.81, 0.57, NULL, 54.43, 203.45, 20611.81, 151.43, '2026-02-28T22:31:57.738Z', '2026-02-28T22:31:57.738Z') ON CONFLICT (id) DO NOTHING;
INSERT INTO "Operation" (id, "clientId", date, "valorBruto", fator, percentual, "percentualPrazo", dias, tarifas, "percentualTarifas", "adValorem", "percentualAdValorem", irpj, iof, "iofAdicional", "valorLiquido", recompra, "createdAt", "updatedAt") VALUES ('cmm6wbtit00ucup6sdy9vmd0p', 'cmm6u8ic4000aup6say7nhatw', '2026-01-30T12:00:00.000Z', 27902.64, 2962.33, 10.62, 6.72, 49, 284.81, 1.02, 91.14, 0.33, NULL, 97.99, 236.94, 24229.43, NULL, '2026-02-28T22:31:57.750Z', '2026-02-28T22:31:57.750Z') ON CONFLICT (id) DO NOTHING;
INSERT INTO "Operation" (id, "clientId", date, "valorBruto", fator, percentual, "percentualPrazo", dias, tarifas, "percentualTarifas", "adValorem", "percentualAdValorem", irpj, iof, "iofAdicional", "valorLiquido", recompra, "createdAt", "updatedAt") VALUES ('cmm6wbtj500ueup6sc637jkg1', 'cmm6u8i920002up6scht002dm', '2026-01-30T12:00:00.000Z', 13050.39, 1436.87, 11.01, 7.65, 44.64, 373.89, 2.86, 58.25, 0.45, NULL, 38.23, 110.34, 11032.81, NULL, '2026-02-28T22:31:57.762Z', '2026-02-28T22:31:57.762Z') ON CONFLICT (id) DO NOTHING;
INSERT INTO "Operation" (id, "clientId", date, "valorBruto", fator, percentual, "percentualPrazo", dias, tarifas, "percentualTarifas", "adValorem", "percentualAdValorem", irpj, iof, "iofAdicional", "valorLiquido", recompra, "createdAt", "updatedAt") VALUES ('cmm6wbtjh00ugup6sl6ez18c3', 'cmm6u8iem000hup6sbvau7irk', '2026-01-30T12:00:00.000Z', 3999.2, 242.62, 6.07, 6.72, 28, 80.27, 2.01, 7.47, 0.19, NULL, 2.57, 35.69, 3495.05, 135.53, '2026-02-28T22:31:57.774Z', '2026-02-28T22:31:57.774Z') ON CONFLICT (id) DO NOTHING;
INSERT INTO "Operation" (id, "clientId", date, "valorBruto", fator, percentual, "percentualPrazo", dias, tarifas, "percentualTarifas", "adValorem", "percentualAdValorem", irpj, iof, "iofAdicional", "valorLiquido", recompra, "createdAt", "updatedAt") VALUES ('cmm6wbtk500ukup6s9f4lceak', 'cmm6u8iem000hup6sbvau7irk', '2026-02-02T12:00:00.000Z', 4964.9, 297.15, 5.99, 6.51, 28.5, 127.08, 2.56, 9.44, 0.19, NULL, 3.13, 44.34, 4438.7, 45.06, '2026-02-28T22:31:57.798Z', '2026-02-28T22:31:57.798Z') ON CONFLICT (id) DO NOTHING;
INSERT INTO "Operation" (id, "clientId", date, "valorBruto", fator, percentual, "percentualPrazo", dias, tarifas, "percentualTarifas", "adValorem", "percentualAdValorem", irpj, iof, "iofAdicional", "valorLiquido", recompra, "createdAt", "updatedAt") VALUES ('cmm6wbtkj00umup6slwps2m1z', 'cmm6u8i920002up6scht002dm', '2026-02-02T12:00:00.000Z', 10178.81, 1273.58, 12.51, 7.75, 50.05, 351.62, 3.45, 50.94, 0.5, NULL, 11.23, 84.6, 8406.84, NULL, '2026-02-28T22:31:57.812Z', '2026-02-28T22:31:57.812Z') ON CONFLICT (id) DO NOTHING;
INSERT INTO "Operation" (id, "clientId", date, "valorBruto", fator, percentual, "percentualPrazo", dias, tarifas, "percentualTarifas", "adValorem", "percentualAdValorem", irpj, iof, "iofAdicional", "valorLiquido", recompra, "createdAt", "updatedAt") VALUES ('cmm6wbtkv00uoup6s176ewopb', 'cmm6u8iez000iup6swy32pane', '2026-02-02T12:00:00.000Z', 4312.64, 314.15, 7.28, 7.75, 29.14, 307.08, 7.12, 20.95, 0.49, NULL, 2.7, 37.99, 3629.77, NULL, '2026-02-28T22:31:57.824Z', '2026-02-28T22:31:57.824Z') ON CONFLICT (id) DO NOTHING;
INSERT INTO "Operation" (id, "clientId", date, "valorBruto", fator, percentual, "percentualPrazo", dias, tarifas, "percentualTarifas", "adValorem", "percentualAdValorem", irpj, iof, "iofAdicional", "valorLiquido", recompra, "createdAt", "updatedAt") VALUES ('cmm6wbtl700uqup6sfetzudlt', 'cmm6u8ic4000aup6say7nhatw', '2026-02-03T12:00:00.000Z', 24850, 2611.32, 10.51, 6.72, 48.5, 262.54, 1.06, 200.87, 0.81, NULL, 27.7, 211.27, 21536.3, NULL, '2026-02-28T22:31:57.835Z', '2026-02-28T22:31:57.835Z') ON CONFLICT (id) DO NOTHING;
INSERT INTO "Operation" (id, "clientId", date, "valorBruto", fator, percentual, "percentualPrazo", dias, tarifas, "percentualTarifas", "adValorem", "percentualAdValorem", irpj, iof, "iofAdicional", "valorLiquido", recompra, "createdAt", "updatedAt") VALUES ('cmm6wbtlj00usup6shjjnfncs', 'cmm6u8i920002up6scht002dm', '2026-02-03T12:00:00.000Z', 11313.41, 1219.61, 10.78, 7.75, 43.12, 351.62, 3.11, 48.78, 0.43, NULL, 10.8, 95.89, 9586.71, NULL, '2026-02-28T22:31:57.847Z', '2026-02-28T22:31:57.847Z') ON CONFLICT (id) DO NOTHING;
INSERT INTO "Operation" (id, "clientId", date, "valorBruto", fator, percentual, "percentualPrazo", dias, tarifas, "percentualTarifas", "adValorem", "percentualAdValorem", irpj, iof, "iofAdicional", "valorLiquido", recompra, "createdAt", "updatedAt") VALUES ('cmm6wbtlu00uuup6ss4qrl98h', 'cmm6u8iao0006up6ssk8artcx', '2026-02-03T12:00:00.000Z', 18000, 2268, 12.6, 6.2, 63, 240.27, 1.33, 75.6, 0.42, NULL, 25.75, 149.45, 11160.81, 4080, '2026-02-28T22:31:57.859Z', '2026-02-28T22:31:57.859Z') ON CONFLICT (id) DO NOTHING;
INSERT INTO "Operation" (id, "clientId", date, "valorBruto", fator, percentual, "percentualPrazo", dias, tarifas, "percentualTarifas", "adValorem", "percentualAdValorem", irpj, iof, "iofAdicional", "valorLiquido", recompra, "createdAt", "updatedAt") VALUES ('cmm6wbtm600uwup6shwt5b22y', 'cmm6u8ibf0008up6sdjzzl70l', '2026-02-03T12:00:00.000Z', 19493.37, 1488.66, 7.64, 7.23, 32.73, 373.89, 1.92, 42.54, 0.22, NULL, 14.01, 171.05, 16265.5, 1137.72, '2026-02-28T22:31:57.871Z', '2026-02-28T22:31:57.871Z') ON CONFLICT (id) DO NOTHING;
INSERT INTO "Operation" (id, "clientId", date, "valorBruto", fator, percentual, "percentualPrazo", dias, tarifas, "percentualTarifas", "adValorem", "percentualAdValorem", irpj, iof, "iofAdicional", "valorLiquido", recompra, "createdAt", "updatedAt") VALUES ('cmm6wbtmi00uyup6soxbuqodp', 'cmm6u8iem000hup6sbvau7irk', '2026-02-04T12:00:00.000Z', 2417.14, 134.51, 5.56, 6.51, 26.5, 82.54, 3.41, 4.27, 0.18, NULL, 1.47, 21.69, 2172.66, NULL, '2026-02-28T22:31:57.882Z', '2026-02-28T22:31:57.882Z') ON CONFLICT (id) DO NOTHING;
INSERT INTO "Operation" (id, "clientId", date, "valorBruto", fator, percentual, "percentualPrazo", dias, tarifas, "percentualTarifas", "adValorem", "percentualAdValorem", irpj, iof, "iofAdicional", "valorLiquido", recompra, "createdAt", "updatedAt") VALUES ('cmm6wbtmv00v0up6swfofg294', 'cmm6u8iea000gup6sui2ph9l8', '2026-02-04T12:00:00.000Z', 8875.7, 769.23, 8.67, 6.72, 40, 284.81, 3.21, 23.67, 0.27, NULL, 7.75, 77.01, 7713.23, NULL, '2026-02-28T22:31:57.896Z', '2026-02-28T22:31:57.896Z') ON CONFLICT (id) DO NOTHING;
INSERT INTO "Operation" (id, "clientId", date, "valorBruto", fator, percentual, "percentualPrazo", dias, tarifas, "percentualTarifas", "adValorem", "percentualAdValorem", irpj, iof, "iofAdicional", "valorLiquido", recompra, "createdAt", "updatedAt") VALUES ('cmm6wbtn700v2up6sb9ealj9h', 'cmm6u8i920002up6scht002dm', '2026-02-04T12:00:00.000Z', 9367.06, 1005.17, 10.73, 7.44, 44.71, 329.35, 3.52, 41.89, 0.45, NULL, 12.8, 79.44, 7898.41, NULL, '2026-02-28T22:31:57.907Z', '2026-02-28T22:31:57.907Z') ON CONFLICT (id) DO NOTHING;
INSERT INTO "Operation" (id, "clientId", date, "valorBruto", fator, percentual, "percentualPrazo", dias, tarifas, "percentualTarifas", "adValorem", "percentualAdValorem", irpj, iof, "iofAdicional", "valorLiquido", recompra, "createdAt", "updatedAt") VALUES ('cmm6wbtnl00v4up6s9ni94tam', 'cmm6u8ic4000aup6say7nhatw', '2026-02-05T12:00:00.000Z', 12425, 1739.5, 14, 7.23, 60, 240.27, 1.93, 74.55, 0.6, NULL, 47.32, 101.51, 10221.85, NULL, '2026-02-28T22:31:57.921Z', '2026-02-28T22:31:57.921Z') ON CONFLICT (id) DO NOTHING;
INSERT INTO "Operation" (id, "clientId", date, "valorBruto", fator, percentual, "percentualPrazo", dias, tarifas, "percentualTarifas", "adValorem", "percentualAdValorem", irpj, iof, "iofAdicional", "valorLiquido", recompra, "createdAt", "updatedAt") VALUES ('cmm6wbtnw00v6up6s9lq3mvoi', 'cmm6u8i920002up6scht002dm', '2026-02-05T12:00:00.000Z', 8730.31, 948.52, 10.86, 6.72, 50.14, 329.35, 3.77, 43.77, 0.5, NULL, 29.89, 73.93, 7304.85, NULL, '2026-02-28T22:31:57.932Z', '2026-02-28T22:31:57.932Z') ON CONFLICT (id) DO NOTHING;
INSERT INTO "Operation" (id, "clientId", date, "valorBruto", fator, percentual, "percentualPrazo", dias, tarifas, "percentualTarifas", "adValorem", "percentualAdValorem", irpj, iof, "iofAdicional", "valorLiquido", recompra, "createdAt", "updatedAt") VALUES ('cmm6wbto700v8up6sce62aa0o', 'cmm6u8icg000bup6sfurhwryh', '2026-02-05T12:00:00.000Z', 5236.34, 673.49, 12.86, 6.72, 59.36, 231.62, 4.42, 20.71, 0.4, NULL, 6.82, 43.35, 2589.84, 1670.51, '2026-02-28T22:31:57.944Z', '2026-02-28T22:31:57.944Z') ON CONFLICT (id) DO NOTHING;
INSERT INTO "Operation" (id, "clientId", date, "valorBruto", fator, percentual, "percentualPrazo", dias, tarifas, "percentualTarifas", "adValorem", "percentualAdValorem", irpj, iof, "iofAdicional", "valorLiquido", recompra, "createdAt", "updatedAt") VALUES ('cmm6wbtoj00vaup6sa5i6u1kk', 'cmm6u8iez000iup6swy32pane', '2026-02-06T12:00:00.000Z', 9921.62, 921.75, 9.29, 7.44, 38.71, 418.43, 4.22, 64, 0.65, NULL, 8.34, 85.5, 8423.6, NULL, '2026-02-28T22:31:57.956Z', '2026-02-28T22:31:57.956Z') ON CONFLICT (id) DO NOTHING;
INSERT INTO "Operation" (id, "clientId", date, "valorBruto", fator, percentual, "percentualPrazo", dias, tarifas, "percentualTarifas", "adValorem", "percentualAdValorem", irpj, iof, "iofAdicional", "valorLiquido", recompra, "createdAt", "updatedAt") VALUES ('cmm6wbtow00vcup6spoa7as50', 'cmm6u8i9z0004up6san15p0yj', '2026-02-06T12:00:00.000Z', 8253.58, 464.95, 5.63, 6.72, 26, 277.09, 3.36, 14.31, 0.17, NULL, 4.81, 73.99, 0, 7418.43, '2026-02-28T22:31:57.969Z', '2026-02-28T22:31:57.969Z') ON CONFLICT (id) DO NOTHING;
INSERT INTO "Operation" (id, "clientId", date, "valorBruto", fator, percentual, "percentualPrazo", dias, tarifas, "percentualTarifas", "adValorem", "percentualAdValorem", irpj, iof, "iofAdicional", "valorLiquido", recompra, "createdAt", "updatedAt") VALUES ('cmm6wbtp800veup6shsq5qf6a', 'cmm6u8iem000hup6sbvau7irk', '2026-02-09T12:00:00.000Z', 2184.55, 146.73, 6.72, 6.72, 31, 80.54, 3.69, 11.29, 0.52, NULL, 1.58, 19.35, 1925.06, NULL, '2026-02-28T22:31:57.981Z', '2026-02-28T22:31:57.981Z') ON CONFLICT (id) DO NOTHING;
INSERT INTO "Operation" (id, "clientId", date, "valorBruto", fator, percentual, "percentualPrazo", dias, tarifas, "percentualTarifas", "adValorem", "percentualAdValorem", irpj, iof, "iofAdicional", "valorLiquido", recompra, "createdAt", "updatedAt") VALUES ('cmm6wbtpk00vgup6s74gmtu2k', 'cmm6u8iez000iup6swy32pane', '2026-02-09T12:00:00.000Z', 17647.01, 1412.08, 8, 8.27, 30.01, 507.51, 2.88, 88.25, 0.5, NULL, 15.28, 154.23, 15469.66, NULL, '2026-02-28T22:31:57.993Z', '2026-02-28T22:31:57.993Z') ON CONFLICT (id) DO NOTHING;
INSERT INTO "Operation" (id, "clientId", date, "valorBruto", fator, percentual, "percentualPrazo", dias, tarifas, "percentualTarifas", "adValorem", "percentualAdValorem", irpj, iof, "iofAdicional", "valorLiquido", recompra, "createdAt", "updatedAt") VALUES ('cmm6wbtpw00viup6s4k31sead', 'cmm6u8ibr0009up6s9oluss0l', '2026-02-09T12:00:00.000Z', 13406, 1205.42, 8.99, 6.72, 41.5, 187.08, 1.4, 92.74, 0.69, NULL, 40.38, 115.9, 11764.48, NULL, '2026-02-28T22:31:58.005Z', '2026-02-28T22:31:58.005Z') ON CONFLICT (id) DO NOTHING;
INSERT INTO "Operation" (id, "clientId", date, "valorBruto", fator, percentual, "percentualPrazo", dias, tarifas, "percentualTarifas", "adValorem", "percentualAdValorem", irpj, iof, "iofAdicional", "valorLiquido", recompra, "createdAt", "updatedAt") VALUES ('cmm6wbtq800vkup6sxq513tez', 'cmm6u8iao0006up6ssk8artcx', '2026-02-10T12:00:00.000Z', 34900, 4543.98, 13.02, 6.41, 63, 240.27, 0.69, 146.58, 0.42, NULL, 149.35, 288.38, 24531.44, 5000, '2026-02-28T22:31:58.016Z', '2026-02-28T22:31:58.016Z') ON CONFLICT (id) DO NOTHING;
INSERT INTO "Operation" (id, "clientId", date, "valorBruto", fator, percentual, "percentualPrazo", dias, tarifas, "percentualTarifas", "adValorem", "percentualAdValorem", irpj, iof, "iofAdicional", "valorLiquido", recompra, "createdAt", "updatedAt") VALUES ('cmm6wbtqk00vmup6ssohwz1v8', 'cmm6u8iez000iup6swy32pane', '2026-02-10T12:00:00.000Z', 5298.57, 391.94, 7.4, 7.44, 30.82, 329.35, 6.22, 27.22, 0.51, NULL, 11.18, 46.62, 4492.26, NULL, '2026-02-28T22:31:58.028Z', '2026-02-28T22:31:58.028Z') ON CONFLICT (id) DO NOTHING;
INSERT INTO "Operation" (id, "clientId", date, "valorBruto", fator, percentual, "percentualPrazo", dias, tarifas, "percentualTarifas", "adValorem", "percentualAdValorem", irpj, iof, "iofAdicional", "valorLiquido", recompra, "createdAt", "updatedAt") VALUES ('cmm6wbtqx00voup6sqcc6jwyp', 'cmm6u8i920002up6scht002dm', '2026-02-10T12:00:00.000Z', 6845.31, 817.39, 11.94, 7.44, 49.75, 307.08, 4.49, 34.05, 0.5, NULL, 22.12, 57.27, 5607.4, NULL, '2026-02-28T22:31:58.042Z', '2026-02-28T22:31:58.042Z') ON CONFLICT (id) DO NOTHING;
INSERT INTO "Operation" (id, "clientId", date, "valorBruto", fator, percentual, "percentualPrazo", dias, tarifas, "percentualTarifas", "adValorem", "percentualAdValorem", irpj, iof, "iofAdicional", "valorLiquido", recompra, "createdAt", "updatedAt") VALUES ('cmm6wbtr900vqup6s0hfw4i2k', 'cmm6u8icg000bup6sfurhwryh', '2026-02-10T12:00:00.000Z', 5533.52, 588.75, 10.64, 6.72, 49.11, 190.43, 3.44, 45.3, 0.82, NULL, 6.11, 46.97, 3166.4, 1489.56, '2026-02-28T22:31:58.054Z', '2026-02-28T22:31:58.054Z') ON CONFLICT (id) DO NOTHING;
INSERT INTO "Operation" (id, "clientId", date, "valorBruto", fator, percentual, "percentualPrazo", dias, tarifas, "percentualTarifas", "adValorem", "percentualAdValorem", irpj, iof, "iofAdicional", "valorLiquido", recompra, "createdAt", "updatedAt") VALUES ('cmm6wbtro00vsup6s5s7x3k00', 'cmm6u8ibr0009up6s9oluss0l', '2026-02-10T12:00:00.000Z', 19912.8, 3113.06, 15.63, 6.72, 72.15, 418.43, 2.1, 239.48, 1.2, NULL, 92.66, 159.61, 15900.68, NULL, '2026-02-28T22:31:58.068Z', '2026-02-28T22:31:58.068Z') ON CONFLICT (id) DO NOTHING;
INSERT INTO "Operation" (id, "clientId", date, "valorBruto", fator, percentual, "percentualPrazo", dias, tarifas, "percentualTarifas", "adValorem", "percentualAdValorem", irpj, iof, "iofAdicional", "valorLiquido", recompra, "createdAt", "updatedAt") VALUES ('cmm6wbtrz00vuup6szvktm3v0', 'cmm6u8ibf0008up6sdjzzl70l', '2026-02-10T12:00:00.000Z', 9299, 1120.06, 12.04, 6.72, 55.59, 262.54, 2.82, 86.16, 0.93, NULL, 11.11, 77.7, 7635.01, 106.42, '2026-02-28T22:31:58.079Z', '2026-02-28T22:31:58.079Z') ON CONFLICT (id) DO NOTHING;
INSERT INTO "Operation" (id, "clientId", date, "valorBruto", fator, percentual, "percentualPrazo", dias, tarifas, "percentualTarifas", "adValorem", "percentualAdValorem", irpj, iof, "iofAdicional", "valorLiquido", recompra, "createdAt", "updatedAt") VALUES ('cmm6wbtsa00vwup6sodwwkskl', 'cmm6u8i920002up6scht002dm', '2026-02-11T12:00:00.000Z', 8667.42, 831.43, 9.59, 7.44, 39.97, 329.35, 3.8, 34.65, 0.4, NULL, 22.93, 74.45, 7374.61, NULL, '2026-02-28T22:31:58.091Z', '2026-02-28T22:31:58.091Z') ON CONFLICT (id) DO NOTHING;
INSERT INTO "Operation" (id, "clientId", date, "valorBruto", fator, percentual, "percentualPrazo", dias, tarifas, "percentualTarifas", "adValorem", "percentualAdValorem", irpj, iof, "iofAdicional", "valorLiquido", recompra, "createdAt", "updatedAt") VALUES ('cmm6wbtsm00vyup6s52ymxtmi', 'cmm6u94rg007sup6sebhj4fwp', '2026-02-12T12:00:00.000Z', 34840, 1585.22, 4.55, 6.72, 21, 100.27, 0.29, 121.94, 0.35, NULL, 43.63, 315.92, 13959.69, 18713.33, '2026-02-28T22:31:58.102Z', '2026-02-28T22:31:58.102Z') ON CONFLICT (id) DO NOTHING;
INSERT INTO "Operation" (id, "clientId", date, "valorBruto", fator, percentual, "percentualPrazo", dias, tarifas, "percentualTarifas", "adValorem", "percentualAdValorem", irpj, iof, "iofAdicional", "valorLiquido", recompra, "createdAt", "updatedAt") VALUES ('cmm6wbtt000w0up6svfce0ufe', 'cmm6u8ic4000aup6say7nhatw', '2026-02-12T12:00:00.000Z', 14201.88, 926.09, 6.52, 6.72, 30.1, 329.35, 2.32, 71.24, 0.5, NULL, 27.45, 126.12, 12721.63, NULL, '2026-02-28T22:31:58.116Z', '2026-02-28T22:31:58.116Z') ON CONFLICT (id) DO NOTHING;
INSERT INTO "Operation" (id, "clientId", date, "valorBruto", fator, percentual, "percentualPrazo", dias, tarifas, "percentualTarifas", "adValorem", "percentualAdValorem", irpj, iof, "iofAdicional", "valorLiquido", recompra, "createdAt", "updatedAt") VALUES ('cmm6wbttc00w2up6sh3fbkmsp', 'cmm6u8iea000gup6sui2ph9l8', '2026-02-12T12:00:00.000Z', 6880, 545.82, 7.93, 7.23, 34, 284.81, 4.14, 23.39, 0.34, NULL, 5.03, 60.17, 5960.78, NULL, '2026-02-28T22:31:58.128Z', '2026-02-28T22:31:58.128Z') ON CONFLICT (id) DO NOTHING;
INSERT INTO "Operation" (id, "clientId", date, "valorBruto", fator, percentual, "percentualPrazo", dias, tarifas, "percentualTarifas", "adValorem", "percentualAdValorem", irpj, iof, "iofAdicional", "valorLiquido", recompra, "createdAt", "updatedAt") VALUES ('cmm6wbttn00w4up6s9yv3zjyp', 'cmm6u8iez000iup6swy32pane', '2026-02-12T12:00:00.000Z', 9083.29, 757.87, 8.34, 8.27, 31.29, 440.7, 4.85, 47.35, 0.52, NULL, 18.47, 79.1, 7739.8, NULL, '2026-02-28T22:31:58.140Z', '2026-02-28T22:31:58.140Z') ON CONFLICT (id) DO NOTHING;
INSERT INTO "Operation" (id, "clientId", date, "valorBruto", fator, percentual, "percentualPrazo", dias, tarifas, "percentualTarifas", "adValorem", "percentualAdValorem", irpj, iof, "iofAdicional", "valorLiquido", recompra, "createdAt", "updatedAt") VALUES ('cmm6wbttz00w6up6slocrsp6d', 'cmm6u8iem000hup6sbvau7irk', '2026-02-13T12:00:00.000Z', 1799.7, 235.26, 13.07, 6.72, 60.33, 184.81, 10.27, 7.24, 0.4, NULL, 2.45, 14.87, 1355.07, NULL, '2026-02-28T22:31:58.151Z', '2026-02-28T22:31:58.151Z') ON CONFLICT (id) DO NOTHING;
INSERT INTO "Operation" (id, "clientId", date, "valorBruto", fator, percentual, "percentualPrazo", dias, tarifas, "percentualTarifas", "adValorem", "percentualAdValorem", irpj, iof, "iofAdicional", "valorLiquido", recompra, "createdAt", "updatedAt") VALUES ('cmm6wbtub00w8up6s6bh22awe', 'cmm6u8iao0006up6ssk8artcx', '2026-02-13T12:00:00.000Z', 12162.14, 1156.21, 9.51, 6.41, 46, 182.54, 1.5, 37.29, 0.31, NULL, 39.27, 104.56, 10642.27, NULL, '2026-02-28T22:31:58.163Z', '2026-02-28T22:31:58.163Z') ON CONFLICT (id) DO NOTHING;
INSERT INTO "Operation" (id, "clientId", date, "valorBruto", fator, percentual, "percentualPrazo", dias, tarifas, "percentualTarifas", "adValorem", "percentualAdValorem", irpj, iof, "iofAdicional", "valorLiquido", recompra, "createdAt", "updatedAt") VALUES ('cmm6wbtun00waup6sewpcffi4', 'cmm6u8iez000iup6swy32pane', '2026-02-13T12:00:00.000Z', 9141.43, 775.35, 8.48, 8.27, 31.81, 329.35, 3.6, 48.46, 0.53, NULL, 18.59, 79.48, 7890.2, NULL, '2026-02-28T22:31:58.175Z', '2026-02-28T22:31:58.175Z') ON CONFLICT (id) DO NOTHING;
INSERT INTO "Operation" (id, "clientId", date, "valorBruto", fator, percentual, "percentualPrazo", dias, tarifas, "percentualTarifas", "adValorem", "percentualAdValorem", irpj, iof, "iofAdicional", "valorLiquido", recompra, "createdAt", "updatedAt") VALUES ('cmm6wbtuz00wcup6sha6x9nho', 'cmm6u8ibf0008up6sdjzzl70l', '2026-02-13T12:00:00.000Z', 10310, 1323.12, 12.83, 7.23, 55, 262.54, 2.55, 94.51, 0.92, NULL, 37.24, 85.38, 8507.21, NULL, '2026-02-28T22:31:58.188Z', '2026-02-28T22:31:58.188Z') ON CONFLICT (id) DO NOTHING;
INSERT INTO "Operation" (id, "clientId", date, "valorBruto", fator, percentual, "percentualPrazo", dias, tarifas, "percentualTarifas", "adValorem", "percentualAdValorem", irpj, iof, "iofAdicional", "valorLiquido", recompra, "createdAt", "updatedAt") VALUES ('cmm6wbtvb00weup6shomp7oqj', 'cmm6u8i920002up6scht002dm', '2026-02-18T12:00:00.000Z', 10142.19, 975.17, 9.61, 7.44, 40.06, 501.62, 4.95, 40.64, 0.4, NULL, 27.28, 87.09, 8510.39, NULL, '2026-02-28T22:31:58.200Z', '2026-02-28T22:31:58.200Z') ON CONFLICT (id) DO NOTHING;
INSERT INTO "Operation" (id, "clientId", date, "valorBruto", fator, percentual, "percentualPrazo", dias, tarifas, "percentualTarifas", "adValorem", "percentualAdValorem", irpj, iof, "iofAdicional", "valorLiquido", recompra, "createdAt", "updatedAt") VALUES ('cmm6wbtvn00wgup6sl0df9xl6', 'cmm6u8iem000hup6sbvau7irk', '2026-02-19T12:00:00.000Z', 7850.56, 442.25, 5.63, 6.72, 26, 119.08, 1.52, 13.61, 0.17, NULL, 5.08, 70.37, 7200.17, NULL, '2026-02-28T22:31:58.212Z', '2026-02-28T22:31:58.212Z') ON CONFLICT (id) DO NOTHING;
INSERT INTO "Operation" (id, "clientId", date, "valorBruto", fator, percentual, "percentualPrazo", dias, tarifas, "percentualTarifas", "adValorem", "percentualAdValorem", irpj, iof, "iofAdicional", "valorLiquido", recompra, "createdAt", "updatedAt") VALUES ('cmm6wbtvz00wiup6s7enq8u5k', 'cmm6u8idk000eup6s301lw4nf', '2026-02-19T12:00:00.000Z', 11002.75, 734.44, 6.68, 7.23, 28.61, 351.62, 3.2, 52.45, 0.48, NULL, 6.81, 97.55, 9759.88, NULL, '2026-02-28T22:31:58.223Z', '2026-02-28T22:31:58.223Z') ON CONFLICT (id) DO NOTHING;
INSERT INTO "Operation" (id, "clientId", date, "valorBruto", fator, percentual, "percentualPrazo", dias, tarifas, "percentualTarifas", "adValorem", "percentualAdValorem", irpj, iof, "iofAdicional", "valorLiquido", recompra, "createdAt", "updatedAt") VALUES ('cmm6wbtwa00wkup6s01rp7ucj', 'cmm6u8idx000fup6skbc4fqaj', '2026-02-20T12:00:00.000Z', 11486.32, 744.72, 6.48, 8.27, 24.31, 262.54, 2.29, 18.62, 0.16, NULL, 14.04, 102.04, 0, 10344.36, '2026-02-28T22:31:58.235Z', '2026-02-28T22:31:58.235Z') ON CONFLICT (id) DO NOTHING;
INSERT INTO "Operation" (id, "clientId", date, "valorBruto", fator, percentual, "percentualPrazo", dias, tarifas, "percentualTarifas", "adValorem", "percentualAdValorem", irpj, iof, "iofAdicional", "valorLiquido", recompra, "createdAt", "updatedAt") VALUES ('cmm6wbtwm00wmup6s0gpgst1e', 'cmm6u8iao0006up6ssk8artcx', '2026-02-20T12:00:00.000Z', 9285.71, 482.86, 5.2, 6.72, 24, 90.27, 0.97, 14.86, 0.16, NULL, 15.16, 83.63, 8590.06, 8.87, '2026-02-28T22:31:58.246Z', '2026-02-28T22:31:58.246Z') ON CONFLICT (id) DO NOTHING;
INSERT INTO "Operation" (id, "clientId", date, "valorBruto", fator, percentual, "percentualPrazo", dias, tarifas, "percentualTarifas", "adValorem", "percentualAdValorem", irpj, iof, "iofAdicional", "valorLiquido", recompra, "createdAt", "updatedAt") VALUES ('cmm6wbtwz00woup6solbhyeu4', 'cmm6u8i9l0003up6sqsgqahtt', '2026-02-20T12:00:00.000Z', 3282.67, 433.86, 13.22, 6.72, 61, 98.81, 3.01, 13.35, 0.41, NULL, 4.6, 27.06, 2678.92, 26.07, '2026-02-28T22:31:58.259Z', '2026-02-28T22:31:58.259Z') ON CONFLICT (id) DO NOTHING;
INSERT INTO "Operation" (id, "clientId", date, "valorBruto", fator, percentual, "percentualPrazo", dias, tarifas, "percentualTarifas", "adValorem", "percentualAdValorem", irpj, iof, "iofAdicional", "valorLiquido", recompra, "createdAt", "updatedAt") VALUES ('cmm6wbtxc00wqup6s84hgyxtw', 'cmm6u8i9z0004up6san15p0yj', '2026-02-20T12:00:00.000Z', 9844.6, 486.59, 4.94, 6.72, 22.81, 142.54, 1.45, 37.43, 0.38, NULL, 4.96, 88.91, 2417.44, 6666.73, '2026-02-28T22:31:58.273Z', '2026-02-28T22:31:58.273Z') ON CONFLICT (id) DO NOTHING;
INSERT INTO "Operation" (id, "clientId", date, "valorBruto", fator, percentual, "percentualPrazo", dias, tarifas, "percentualTarifas", "adValorem", "percentualAdValorem", irpj, iof, "iofAdicional", "valorLiquido", recompra, "createdAt", "updatedAt") VALUES ('cmm6wbtxo00wsup6sl2vi1v8h', 'cmm6u8idk000eup6s301lw4nf', '2026-02-20T12:00:00.000Z', 10624.11, 1023.43, 9.63, 7.54, 39.59, 351.62, 3.31, 70.08, 0.66, NULL, 9.18, 91.21, 9078.59, NULL, '2026-02-28T22:31:58.284Z', '2026-02-28T22:31:58.284Z') ON CONFLICT (id) DO NOTHING;
INSERT INTO "Operation" (id, "clientId", date, "valorBruto", fator, percentual, "percentualPrazo", dias, tarifas, "percentualTarifas", "adValorem", "percentualAdValorem", irpj, iof, "iofAdicional", "valorLiquido", recompra, "createdAt", "updatedAt") VALUES ('cmm6wbty000wuup6scggkqvyk', 'cmm6u8idk000eup6s301lw4nf', '2026-02-23T12:00:00.000Z', 10066.31, 979.98, 9.74, 7.44, 40.56, 351.62, 3.49, 68.06, 0.68, NULL, 13.68, 86.32, 8566.65, NULL, '2026-02-28T22:31:58.296Z', '2026-02-28T22:31:58.296Z') ON CONFLICT (id) DO NOTHING;
INSERT INTO "Operation" (id, "clientId", date, "valorBruto", fator, percentual, "percentualPrazo", dias, tarifas, "percentualTarifas", "adValorem", "percentualAdValorem", irpj, iof, "iofAdicional", "valorLiquido", recompra, "createdAt", "updatedAt") VALUES ('cmm6wbtyb00wwup6sjmtdo3vu', 'cmm6u8iem000hup6sbvau7irk', '2026-02-23T12:00:00.000Z', 4001.64, 492.35, 12.3, 6.72, 56.79, 169.4, 4.23, 15.15, 0.38, NULL, 4.95, 33.33, 3286.46, NULL, '2026-02-28T22:31:58.308Z', '2026-02-28T22:31:58.308Z') ON CONFLICT (id) DO NOTHING;
INSERT INTO "Operation" (id, "clientId", date, "valorBruto", fator, percentual, "percentualPrazo", dias, tarifas, "percentualTarifas", "adValorem", "percentualAdValorem", irpj, iof, "iofAdicional", "valorLiquido", recompra, "createdAt", "updatedAt") VALUES ('cmm6wbtyn00wyup6sjzq3n6tr', 'cmm6u8iea000gup6sui2ph9l8', '2026-02-24T12:00:00.000Z', 11226, 952.42, 8.48, 7.23, 36.36, 307.08, 2.74, 27.21, 0.24, NULL, 9.38, 97.59, 9832.32, NULL, '2026-02-28T22:31:58.319Z', '2026-02-28T22:31:58.319Z') ON CONFLICT (id) DO NOTHING;
INSERT INTO "Operation" (id, "clientId", date, "valorBruto", fator, percentual, "percentualPrazo", dias, tarifas, "percentualTarifas", "adValorem", "percentualAdValorem", irpj, iof, "iofAdicional", "valorLiquido", recompra, "createdAt", "updatedAt") VALUES ('cmm6wbtyz00x0up6s87tvw3ta', 'cmm6u94db006pup6s6fxlnwht', '2026-02-24T12:00:00.000Z', 1354.5, 86.57, 6.39, 6.72, 29.5, 284.31, 20.99, 6.66, 0.49, NULL, 0.81, 12.04, 0, 964.11, '2026-02-28T22:31:58.332Z', '2026-02-28T22:31:58.332Z') ON CONFLICT (id) DO NOTHING;
INSERT INTO "Operation" (id, "clientId", date, "valorBruto", fator, percentual, "percentualPrazo", dias, tarifas, "percentualTarifas", "adValorem", "percentualAdValorem", irpj, iof, "iofAdicional", "valorLiquido", recompra, "createdAt", "updatedAt") VALUES ('cmm6wbtzc00x2up6svuljvz4r', 'cmm6u8idk000eup6s301lw4nf', '2026-02-24T12:00:00.000Z', 12369.22, 997.37, 8.06, 7.54, 33.14, 373.89, 3.02, 68.31, 0.55, NULL, 27.38, 108.03, 10794.24, NULL, '2026-02-28T22:31:58.344Z', '2026-02-28T22:31:58.344Z') ON CONFLICT (id) DO NOTHING;
INSERT INTO "Operation" (id, "clientId", date, "valorBruto", fator, percentual, "percentualPrazo", dias, tarifas, "percentualTarifas", "adValorem", "percentualAdValorem", irpj, iof, "iofAdicional", "valorLiquido", recompra, "createdAt", "updatedAt") VALUES ('cmm6wbtzo00x4up6s12oqrob5', 'cmm6u8ibf0008up6sdjzzl70l', '2026-02-24T12:00:00.000Z', 9998, 1364.73, 13.65, 7.23, 58.5, 262.54, 2.63, 58.49, 0.59, NULL, 37.88, 82.01, 8192.35, NULL, '2026-02-28T22:31:58.356Z', '2026-02-28T22:31:58.356Z') ON CONFLICT (id) DO NOTHING;
INSERT INTO "Operation" (id, "clientId", date, "valorBruto", fator, percentual, "percentualPrazo", dias, tarifas, "percentualTarifas", "adValorem", "percentualAdValorem", irpj, iof, "iofAdicional", "valorLiquido", recompra, "createdAt", "updatedAt") VALUES ('cmm6wbu0000x6up6sv4qrakq3', 'cmm6u8icg000bup6sfurhwryh', '2026-02-25T12:00:00.000Z', 4205.46, 447.59, 10.64, 6.41, 51.5, 129.5, 3.08, 21.66, 0.52, NULL, 4.8, 35.7, 2716.21, 850, '2026-02-28T22:31:58.368Z', '2026-02-28T22:31:58.368Z') ON CONFLICT (id) DO NOTHING;
INSERT INTO "Operation" (id, "clientId", date, "valorBruto", fator, percentual, "percentualPrazo", dias, tarifas, "percentualTarifas", "adValorem", "percentualAdValorem", irpj, iof, "iofAdicional", "valorLiquido", recompra, "createdAt", "updatedAt") VALUES ('cmm6wbu0c00x8up6sjkyxvkqw', 'cmm6u8iem000hup6sbvau7irk', '2026-02-25T12:00:00.000Z', 3899.55, 194.13, 4.98, 6.71, 23, 79.7, 2.04, 5.18, 0.13, NULL, 2.02, 35.16, 3578.56, NULL, '2026-02-28T22:31:58.381Z', '2026-02-28T22:31:58.381Z') ON CONFLICT (id) DO NOTHING;
INSERT INTO "Operation" (id, "clientId", date, "valorBruto", fator, percentual, "percentualPrazo", dias, tarifas, "percentualTarifas", "adValorem", "percentualAdValorem", irpj, iof, "iofAdicional", "valorLiquido", recompra, "createdAt", "updatedAt") VALUES ('cmm6wbu0o00xaup6srw946db7', 'cmm6u8idk000eup6s301lw4nf', '2026-02-25T12:00:00.000Z', 10664.88, 1047, 9.82, 7.75, 39.27, 351.62, 3.3, 69.79, 0.65, NULL, 26.75, 91.36, 9078.56, NULL, '2026-02-28T22:31:58.393Z', '2026-02-28T22:31:58.393Z') ON CONFLICT (id) DO NOTHING;
INSERT INTO "Operation" (id, "clientId", date, "valorBruto", fator, percentual, "percentualPrazo", dias, tarifas, "percentualTarifas", "adValorem", "percentualAdValorem", irpj, iof, "iofAdicional", "valorLiquido", recompra, "createdAt", "updatedAt") VALUES ('cmm6wbu1100xcup6skem6e0cb', 'cmm6u8ibf0008up6sdjzzl70l', '2026-02-25T12:00:00.000Z', 9848.69, 536.64, 5.45, 7.23, 23.35, 307.08, 3.12, 38.33, 0.39, NULL, 14.64, 88.46, 8863.54, NULL, '2026-02-28T22:31:58.405Z', '2026-02-28T22:31:58.405Z') ON CONFLICT (id) DO NOTHING;
INSERT INTO "Operation" (id, "clientId", date, "valorBruto", fator, percentual, "percentualPrazo", dias, tarifas, "percentualTarifas", "adValorem", "percentualAdValorem", irpj, iof, "iofAdicional", "valorLiquido", recompra, "createdAt", "updatedAt") VALUES ('cmm6wbu2500xeup6sbugs9l41', 'cmm6u8iea000gup6sui2ph9l8', '2026-02-26T12:00:00.000Z', 4420, 405.66, 9.18, 7.23, 39.33, 284.81, 6.44, 11.59, 0.26, NULL, 6.68, 38.13, 3673.13, NULL, '2026-02-28T22:31:58.446Z', '2026-02-28T22:31:58.446Z') ON CONFLICT (id) DO NOTHING;
INSERT INTO "Operation" (id, "clientId", date, "valorBruto", fator, percentual, "percentualPrazo", dias, tarifas, "percentualTarifas", "adValorem", "percentualAdValorem", irpj, iof, "iofAdicional", "valorLiquido", recompra, "createdAt", "updatedAt") VALUES ('cmm6wbu2i00xgup6sz1ahk91a', 'cmm6u8idk000eup6s301lw4nf', '2026-02-26T12:00:00.000Z', 9970.84, 965.97, 9.69, 7.54, 39.81, 329.35, 3.3, 66.16, 0.66, NULL, 24.97, 85.54, 8498.85, NULL, '2026-02-28T22:31:58.458Z', '2026-02-28T22:31:58.458Z') ON CONFLICT (id) DO NOTHING;
INSERT INTO "Operation" (id, "clientId", date, "valorBruto", fator, percentual, "percentualPrazo", dias, tarifas, "percentualTarifas", "adValorem", "percentualAdValorem", irpj, iof, "iofAdicional", "valorLiquido", recompra, "createdAt", "updatedAt") VALUES ('cmm6wbu2u00xiup6squ69hm7p', 'cmm6u8iez000iup6swy32pane', '2026-02-26T12:00:00.000Z', 5718.06, 470.45, 8.23, 8.27, 30.85, 373.89, 6.54, 29.41, 0.51, NULL, 11.35, 49.85, 4783.11, NULL, '2026-02-28T22:31:58.470Z', '2026-02-28T22:31:58.470Z') ON CONFLICT (id) DO NOTHING;
INSERT INTO "Operation" (id, "clientId", date, "valorBruto", fator, percentual, "percentualPrazo", dias, tarifas, "percentualTarifas", "adValorem", "percentualAdValorem", irpj, iof, "iofAdicional", "valorLiquido", recompra, "createdAt", "updatedAt") VALUES ('cmm6wbu3600xkup6s36au8hzb', 'cmm6u8iem000hup6sbvau7irk', '2026-02-26T12:00:00.000Z', 3999.2, 251.28, 6.28, 6.72, 29, 90.27, 2.26, 7.73, 0.19, NULL, 2.77, 35.61, 3611.54, NULL, '2026-02-28T22:31:58.482Z', '2026-02-28T22:31:58.482Z') ON CONFLICT (id) DO NOTHING;
INSERT INTO "Operation" (id, "clientId", date, "valorBruto", fator, percentual, "percentualPrazo", dias, tarifas, "percentualTarifas", "adValorem", "percentualAdValorem", irpj, iof, "iofAdicional", "valorLiquido", recompra, "createdAt", "updatedAt") VALUES ('cmm6wbu3h00xmup6sgayumxzk', 'cmm6u8icg000bup6sfurhwryh', '2026-02-26T12:00:00.000Z', 6963.8, 875.12, 12.57, 6.72, 58, 307.08, 4.41, 67.32, 0.97, NULL, 9.02, 57.84, 4778.94, 868.48, '2026-02-28T22:31:58.494Z', '2026-02-28T22:31:58.494Z') ON CONFLICT (id) DO NOTHING;
INSERT INTO "Operation" (id, "clientId", date, "valorBruto", fator, percentual, "percentualPrazo", dias, tarifas, "percentualTarifas", "adValorem", "percentualAdValorem", irpj, iof, "iofAdicional", "valorLiquido", recompra, "createdAt", "updatedAt") VALUES ('cmm6wbu3u00xoup6sipumvy75', 'cmm6u8i9z0004up6san15p0yj', '2026-02-26T00:00:00.000Z', 11701.56, 380.3, 3.25, 6.72, 15, 276.16, 2.36, 29.25, 0.25, NULL, 3.19, 107.56, 85.62, 10819.48, '2026-02-28T22:31:58.507Z', '2026-03-01T02:04:12.106Z') ON CONFLICT (id) DO NOTHING;
INSERT INTO "Operation" (id, "clientId", date, "valorBruto", fator, percentual, "percentualPrazo", dias, tarifas, "percentualTarifas", "adValorem", "percentualAdValorem", irpj, iof, "iofAdicional", "valorLiquido", recompra, "createdAt", "updatedAt") VALUES ('cmm77lrqc0001uppo0s006tz1', 'cmm6u8ibf0008up6sdjzzl70l', '2026-02-27T00:00:00.000Z', 2746.88, 211.51, 0, 0, 33, 240.27, NULL, 6.04, NULL, NULL, 5.82, NULL, 2259.15, NULL, '2026-03-01T03:47:37.759Z', '2026-03-01T03:47:37.759Z') ON CONFLICT (id) DO NOTHING;
INSERT INTO "Operation" (id, "clientId", date, "valorBruto", fator, percentual, "percentualPrazo", dias, tarifas, "percentualTarifas", "adValorem", "percentualAdValorem", irpj, iof, "iofAdicional", "valorLiquido", recompra, "createdAt", "updatedAt") VALUES ('cmm77n4ma0003uppohtosy2hx', 'cmm6u8iez000iup6swy32pane', '2026-02-27T00:00:00.000Z', 9488.46, 751.99, 0, 0, 29.72, 351.62, NULL, 47, NULL, NULL, 18.61, NULL, 8263.24, NULL, '2026-03-01T03:48:41.123Z', '2026-03-01T03:48:41.123Z') ON CONFLICT (id) DO NOTHING;
INSERT INTO "Operation" (id, "clientId", date, "valorBruto", fator, percentual, "percentualPrazo", dias, tarifas, "percentualTarifas", "adValorem", "percentualAdValorem", irpj, iof, "iofAdicional", "valorLiquido", recompra, "createdAt", "updatedAt") VALUES ('cmm77nyw80005uppo930lm4fk', 'cmm6u8ibf0008up6sdjzzl70l', '2026-02-27T00:00:00.000Z', 6798, 951.72, 0, 0, 60, 240.27, NULL, 27.19, NULL, NULL, 26.37, NULL, 5496.61, NULL, '2026-03-01T03:49:20.360Z', '2026-03-01T03:49:20.360Z') ON CONFLICT (id) DO NOTHING;
INSERT INTO "Cost" (id, name, amount, date, type, category, "createdAt", "updatedAt") VALUES ('cmm6wkcd300ymup6sqlgwrez8', 'Contador', 1385, '2026-01-15T12:00:00.000Z', 'GERAL', 'FIXO', '2026-02-28T22:38:35.415Z', '2026-02-28T22:38:35.415Z') ON CONFLICT (id) DO NOTHING;
INSERT INTO "Cost" (id, name, amount, date, type, category, "createdAt", "updatedAt") VALUES ('cmm6wkcde00ynup6sgb4n4pf0', 'Comissão Jéssica / Ajuda de Custo', 663.46, '2026-01-15T12:00:00.000Z', 'GERAL', 'VARIAVEL', '2026-02-28T22:38:35.427Z', '2026-02-28T22:38:35.427Z') ON CONFLICT (id) DO NOTHING;
INSERT INTO "Cost" (id, name, amount, date, type, category, "createdAt", "updatedAt") VALUES ('cmm6wkcdp00youp6skj09h89s', 'Tarifa bancária ( Boletos, Cartorio, Baixas )', 2500, '2026-01-15T00:00:00.000Z', 'GERAL', 'VARIAVEL', '2026-02-28T22:38:35.438Z', '2026-03-01T02:41:53.197Z') ON CONFLICT (id) DO NOTHING;
INSERT INTO "Cost" (id, name, amount, date, type, category, "createdAt", "updatedAt") VALUES ('cmm6wkce000ypup6sckn9y2j9', 'Dedé', 15000, '2026-01-15T12:00:00.000Z', 'GERAL', 'FIXO', '2026-02-28T22:38:35.449Z', '2026-02-28T22:38:35.449Z') ON CONFLICT (id) DO NOTHING;
INSERT INTO "Cost" (id, name, amount, date, type, category, "createdAt", "updatedAt") VALUES ('cmm6wkceb00yqup6sxbs9eu6q', 'Leo', 15000, '2026-01-15T12:00:00.000Z', 'GERAL', 'FIXO', '2026-02-28T22:38:35.460Z', '2026-02-28T22:38:35.460Z') ON CONFLICT (id) DO NOTHING;
INSERT INTO "Cost" (id, name, amount, date, type, category, "createdAt", "updatedAt") VALUES ('cmm6wkcem00yrup6sniu9mpv7', 'Investidores + Carro', 20756.87, '2026-01-15T00:00:00.000Z', 'GERAL', 'INVESTIDORES', '2026-02-28T22:38:35.471Z', '2026-03-01T03:53:56.574Z') ON CONFLICT (id) DO NOTHING;
INSERT INTO "Cost" (id, name, amount, date, type, category, "createdAt", "updatedAt") VALUES ('cmm6wkcey00ysup6smdz8u806', 'Reajuste contrato Carro', 168.08, '2026-01-15T00:00:00.000Z', 'GERAL', 'VARIAVEL', '2026-02-28T22:38:35.482Z', '2026-03-01T02:42:17.110Z') ON CONFLICT (id) DO NOTHING;
INSERT INTO "Cost" (id, name, amount, date, type, category, "createdAt", "updatedAt") VALUES ('cmm6wkcfc00ytup6sin4g05k4', 'Sistema Credit Hub', 740.29, '2026-01-15T12:00:00.000Z', 'GERAL', 'FIXO', '2026-02-28T22:38:35.496Z', '2026-02-28T22:38:35.496Z') ON CONFLICT (id) DO NOTHING;
INSERT INTO "Cost" (id, name, amount, date, type, category, "createdAt", "updatedAt") VALUES ('cmm6wkcfn00yuup6se8vtw37b', 'Advogado', 2500, '2026-01-15T12:00:00.000Z', 'GERAL', 'FIXO', '2026-02-28T22:38:35.507Z', '2026-02-28T22:38:35.507Z') ON CONFLICT (id) DO NOTHING;
INSERT INTO "Cost" (id, name, amount, date, type, category, "createdAt", "updatedAt") VALUES ('cmm6wkcfz00yvup6sxxvrqjf6', 'Pipo', 10000, '2026-01-15T12:00:00.000Z', 'GERAL', 'FIXO', '2026-02-28T22:38:35.519Z', '2026-02-28T22:38:35.519Z') ON CONFLICT (id) DO NOTHING;
INSERT INTO "Cost" (id, name, amount, date, type, category, "createdAt", "updatedAt") VALUES ('cmm6wkcga00ywup6syejnfvom', 'Plano de saúde', 15036, '2026-01-15T12:00:00.000Z', 'GERAL', 'FIXO', '2026-02-28T22:38:35.531Z', '2026-02-28T22:38:35.531Z') ON CONFLICT (id) DO NOTHING;
INSERT INTO "Cost" (id, name, amount, date, type, category, "createdAt", "updatedAt") VALUES ('cmm6wkcgm00yxup6s6vvwo0q1', 'Servidores (AWS)', 357.27, '2026-01-15T12:00:00.000Z', 'GERAL', 'FIXO', '2026-02-28T22:38:35.542Z', '2026-02-28T22:38:35.542Z') ON CONFLICT (id) DO NOTHING;
INSERT INTO "Cost" (id, name, amount, date, type, category, "createdAt", "updatedAt") VALUES ('cmm6wkcgy00yyup6spkkhlf53', 'Pis', 922.32, '2026-01-15T12:00:00.000Z', 'GERAL', 'IMPOSTO', '2026-02-28T22:38:35.554Z', '2026-02-28T22:38:35.554Z') ON CONFLICT (id) DO NOTHING;
INSERT INTO "Cost" (id, name, amount, date, type, category, "createdAt", "updatedAt") VALUES ('cmm6wkchg00yzup6suj1ogb8r', 'Cofins', 4248.25, '2026-01-15T12:00:00.000Z', 'GERAL', 'IMPOSTO', '2026-02-28T22:38:35.572Z', '2026-02-28T22:38:35.572Z') ON CONFLICT (id) DO NOTHING;
INSERT INTO "Cost" (id, name, amount, date, type, category, "createdAt", "updatedAt") VALUES ('cmm6wkchr00z0up6ss1d975h2', 'IOF', 2605.02, '2026-01-15T12:00:00.000Z', 'GERAL', 'IMPOSTO', '2026-02-28T22:38:35.583Z', '2026-02-28T22:38:35.583Z') ON CONFLICT (id) DO NOTHING;
INSERT INTO "Cost" (id, name, amount, date, type, category, "createdAt", "updatedAt") VALUES ('cmm6wkci200z1up6sdqat3xou', 'I.R', 1214.07, '2026-01-15T12:00:00.000Z', 'GERAL', 'IMPOSTO', '2026-02-28T22:38:35.594Z', '2026-02-28T22:38:35.594Z') ON CONFLICT (id) DO NOTHING;
INSERT INTO "Cost" (id, name, amount, date, type, category, "createdAt", "updatedAt") VALUES ('cmm6wkcic00z2up6sm8pkurbe', 'Contribuição Social sob LL', 728.44, '2026-01-15T12:00:00.000Z', 'GERAL', 'IMPOSTO', '2026-02-28T22:38:35.605Z', '2026-02-28T22:38:35.605Z') ON CONFLICT (id) DO NOTHING;
INSERT INTO "Cost" (id, name, amount, date, type, category, "createdAt", "updatedAt") VALUES ('cmm6wkcin00z3up6s3kfnsutc', 'ISS', 190.54, '2026-01-15T12:00:00.000Z', 'GERAL', 'IMPOSTO', '2026-02-28T22:38:35.615Z', '2026-02-28T22:38:35.615Z') ON CONFLICT (id) DO NOTHING;
INSERT INTO "Cost" (id, name, amount, date, type, category, "createdAt", "updatedAt") VALUES ('cmm6wkciy00z4up6s0j9tn7dy', 'Contador', 1385, '2026-02-15T00:00:00.000Z', 'GERAL', 'FIXO', '2026-02-28T22:38:35.626Z', '2026-03-01T03:00:11.848Z') ON CONFLICT (id) DO NOTHING;
INSERT INTO "Cost" (id, name, amount, date, type, category, "createdAt", "updatedAt") VALUES ('cmm6wkcj900z5up6scqw1u2il', 'Comissão Jéssica / Ajuda de Custo', 663.46, '2026-02-15T12:00:00.000Z', 'GERAL', 'VARIAVEL', '2026-02-28T22:38:35.637Z', '2026-02-28T22:38:35.637Z') ON CONFLICT (id) DO NOTHING;
INSERT INTO "Cost" (id, name, amount, date, type, category, "createdAt", "updatedAt") VALUES ('cmm6wkcjk00z6up6sp78frmb2', 'Tarifa bancária ( Boletos, Cartorio, Baixas )', 2500, '2026-02-15T00:00:00.000Z', 'GERAL', 'VARIAVEL', '2026-02-28T22:38:35.648Z', '2026-03-01T03:03:42.161Z') ON CONFLICT (id) DO NOTHING;
INSERT INTO "Cost" (id, name, amount, date, type, category, "createdAt", "updatedAt") VALUES ('cmm6wkcjv00z7up6seaxjujel', 'Dedé', 15000, '2026-02-15T00:00:00.000Z', 'GERAL', 'FIXO', '2026-02-28T22:38:35.659Z', '2026-03-01T03:00:22.830Z') ON CONFLICT (id) DO NOTHING;
INSERT INTO "Cost" (id, name, amount, date, type, category, "createdAt", "updatedAt") VALUES ('cmm6wkck600z8up6sc0y9ypeg', 'Leo', 15000, '2026-02-15T00:00:00.000Z', 'GERAL', 'FIXO', '2026-02-28T22:38:35.670Z', '2026-03-01T03:00:29.085Z') ON CONFLICT (id) DO NOTHING;
INSERT INTO "Cost" (id, name, amount, date, type, category, "createdAt", "updatedAt") VALUES ('cmm6wkckh00z9up6sa9fjmvg0', 'Investidores + Carro', 20756.87, '2026-02-15T00:00:00.000Z', 'GERAL', 'INVESTIDORES', '2026-02-28T22:38:35.681Z', '2026-03-01T03:00:34.376Z') ON CONFLICT (id) DO NOTHING;
INSERT INTO "Cost" (id, name, amount, date, type, category, "createdAt", "updatedAt") VALUES ('cmm6wkckr00zaup6sy9oft3eo', 'Reajuste contrato Carro', 168.08, '2026-02-15T00:00:00.000Z', 'GERAL', 'VARIAVEL', '2026-02-28T22:38:35.692Z', '2026-03-01T03:01:24.661Z') ON CONFLICT (id) DO NOTHING;
INSERT INTO "Cost" (id, name, amount, date, type, category, "createdAt", "updatedAt") VALUES ('cmm6wkcl400zbup6s62xyqhjl', 'Sistema Credit Hub', 738.09, '2026-02-15T00:00:00.000Z', 'GERAL', 'FIXO', '2026-02-28T22:38:35.705Z', '2026-03-01T03:00:45.573Z') ON CONFLICT (id) DO NOTHING;
INSERT INTO "Cost" (id, name, amount, date, type, category, "createdAt", "updatedAt") VALUES ('cmm6wkclf00zcup6shh9bn5bq', 'Advogado', 2500, '2026-02-15T00:00:00.000Z', 'GERAL', 'FIXO', '2026-02-28T22:38:35.716Z', '2026-03-01T03:00:59.992Z') ON CONFLICT (id) DO NOTHING;
INSERT INTO "Cost" (id, name, amount, date, type, category, "createdAt", "updatedAt") VALUES ('cmm6wkclq00zdup6sijsu9r9v', 'Pipo', 10000, '2026-02-15T00:00:00.000Z', 'GERAL', 'FIXO', '2026-02-28T22:38:35.727Z', '2026-03-01T03:01:05.442Z') ON CONFLICT (id) DO NOTHING;
INSERT INTO "Cost" (id, name, amount, date, type, category, "createdAt", "updatedAt") VALUES ('cmm6wkcm100zeup6scxtnqzn5', 'Plano de saúde', 15036, '2026-02-15T00:00:00.000Z', 'GERAL', 'FIXO', '2026-02-28T22:38:35.737Z', '2026-03-01T03:01:11.025Z') ON CONFLICT (id) DO NOTHING;
INSERT INTO "Cost" (id, name, amount, date, type, category, "createdAt", "updatedAt") VALUES ('cmm6wkcmc00zfup6s829na3jb', 'Servidores (AWS)', 357.27, '2026-02-15T00:00:00.000Z', 'GERAL', 'FIXO', '2026-02-28T22:38:35.748Z', '2026-03-01T03:03:53.734Z') ON CONFLICT (id) DO NOTHING;
INSERT INTO "Cost" (id, name, amount, date, type, category, "createdAt", "updatedAt") VALUES ('cmm6wkcmn00zgup6sy10x3m4y', 'Pis', 451.65, '2026-02-15T12:00:00.000Z', 'GERAL', 'IMPOSTO', '2026-02-28T22:38:35.759Z', '2026-02-28T22:38:35.759Z') ON CONFLICT (id) DO NOTHING;
INSERT INTO "Cost" (id, name, amount, date, type, category, "createdAt", "updatedAt") VALUES ('cmm6wkcmx00zhup6s7hrs7585', 'Cofins', 2080.33, '2026-02-15T12:00:00.000Z', 'GERAL', 'IMPOSTO', '2026-02-28T22:38:35.770Z', '2026-02-28T22:38:35.770Z') ON CONFLICT (id) DO NOTHING;
INSERT INTO "Cost" (id, name, amount, date, type, category, "createdAt", "updatedAt") VALUES ('cmm6wkcn800ziup6snv8isa8v', 'IOF', 2136.82, '2026-02-15T12:00:00.000Z', 'GERAL', 'IMPOSTO', '2026-02-28T22:38:35.781Z', '2026-02-28T22:38:35.781Z') ON CONFLICT (id) DO NOTHING;
INSERT INTO "Cost" (id, name, amount, date, type, category, "createdAt", "updatedAt") VALUES ('cmm75ff7p0000upjcy5vt0bf2', 'Smartfactor', 1897.03, '2026-02-01T00:00:00.000Z', 'GERAL', 'FIXO', '2026-03-01T02:46:42.373Z', '2026-03-01T02:59:27.232Z') ON CONFLICT (id) DO NOTHING;
INSERT INTO "Cost" (id, name, amount, date, type, category, "createdAt", "updatedAt") VALUES ('cmm75t6uo0001upjcnipfuy3g', 'Smartfactor', 1897.03, '2026-03-01T00:00:00.000Z', 'GERAL', 'FIXO', '2026-03-01T02:57:24.720Z', '2026-03-01T02:57:24.720Z') ON CONFLICT (id) DO NOTHING;
INSERT INTO "Cost" (id, name, amount, date, type, category, "createdAt", "updatedAt") VALUES ('cmm763b990000up84c980pwsa', 'Contador', 1385, '2026-03-15T00:00:00.000Z', 'GERAL', 'FIXO', '2026-03-01T03:05:16.989Z', '2026-03-01T03:05:16.989Z') ON CONFLICT (id) DO NOTHING;
INSERT INTO "Cost" (id, name, amount, date, type, category, "createdAt", "updatedAt") VALUES ('cmm763b990001up84bt2adhpk', 'Comissão Jéssica / Ajuda de Custo', 663.46, '2026-03-15T12:00:00.000Z', 'GERAL', 'VARIAVEL', '2026-03-01T03:05:16.989Z', '2026-03-01T03:05:16.989Z') ON CONFLICT (id) DO NOTHING;
INSERT INTO "Cost" (id, name, amount, date, type, category, "createdAt", "updatedAt") VALUES ('cmm763b990002up84tri3yff7', 'Tarifa bancária ( Boletos, Cartorio, Baixas )', 2500, '2026-03-15T00:00:00.000Z', 'GERAL', 'VARIAVEL', '2026-03-01T03:05:16.989Z', '2026-03-01T03:05:16.989Z') ON CONFLICT (id) DO NOTHING;
INSERT INTO "Cost" (id, name, amount, date, type, category, "createdAt", "updatedAt") VALUES ('cmm763b990003up84zvcsx2pn', 'Dedé', 15000, '2026-03-15T00:00:00.000Z', 'GERAL', 'FIXO', '2026-03-01T03:05:16.989Z', '2026-03-01T03:05:16.989Z') ON CONFLICT (id) DO NOTHING;
INSERT INTO "Cost" (id, name, amount, date, type, category, "createdAt", "updatedAt") VALUES ('cmm763b990004up84kzcss9ns', 'Leo', 15000, '2026-03-15T00:00:00.000Z', 'GERAL', 'FIXO', '2026-03-01T03:05:16.989Z', '2026-03-01T03:05:16.989Z') ON CONFLICT (id) DO NOTHING;
INSERT INTO "Cost" (id, name, amount, date, type, category, "createdAt", "updatedAt") VALUES ('cmm763b990005up8461iq5ke1', 'Investidores + Carro', 20756.87, '2026-03-15T00:00:00.000Z', 'GERAL', 'INVESTIDORES', '2026-03-01T03:05:16.989Z', '2026-03-01T03:05:16.989Z') ON CONFLICT (id) DO NOTHING;
INSERT INTO "Cost" (id, name, amount, date, type, category, "createdAt", "updatedAt") VALUES ('cmm763b990006up84ahukn0hh', 'Reajuste contrato Carro', 168.08, '2026-03-15T00:00:00.000Z', 'GERAL', 'VARIAVEL', '2026-03-01T03:05:16.989Z', '2026-03-01T03:05:16.989Z') ON CONFLICT (id) DO NOTHING;
INSERT INTO "Cost" (id, name, amount, date, type, category, "createdAt", "updatedAt") VALUES ('cmm763b990007up84hucgghbw', 'Sistema Credit Hub', 738.09, '2026-03-15T00:00:00.000Z', 'GERAL', 'FIXO', '2026-03-01T03:05:16.989Z', '2026-03-01T03:05:16.989Z') ON CONFLICT (id) DO NOTHING;
INSERT INTO "Cost" (id, name, amount, date, type, category, "createdAt", "updatedAt") VALUES ('cmm763b990008up845y87lftj', 'Advogado', 2500, '2026-03-15T00:00:00.000Z', 'GERAL', 'FIXO', '2026-03-01T03:05:16.989Z', '2026-03-01T03:05:16.989Z') ON CONFLICT (id) DO NOTHING;
INSERT INTO "Cost" (id, name, amount, date, type, category, "createdAt", "updatedAt") VALUES ('cmm763b990009up84xa090wcj', 'Pipo', 10000, '2026-03-15T00:00:00.000Z', 'GERAL', 'FIXO', '2026-03-01T03:05:16.989Z', '2026-03-01T03:05:16.989Z') ON CONFLICT (id) DO NOTHING;
INSERT INTO "Cost" (id, name, amount, date, type, category, "createdAt", "updatedAt") VALUES ('cmm763b99000aup84sfqh0ned', 'Plano de saúde', 15036, '2026-03-15T00:00:00.000Z', 'GERAL', 'FIXO', '2026-03-01T03:05:16.989Z', '2026-03-01T03:05:16.989Z') ON CONFLICT (id) DO NOTHING;
INSERT INTO "Cost" (id, name, amount, date, type, category, "createdAt", "updatedAt") VALUES ('cmm763b99000bup84vucpjo9v', 'Servidores (AWS)', 357.27, '2026-03-15T00:00:00.000Z', 'GERAL', 'FIXO', '2026-03-01T03:05:16.989Z', '2026-03-01T03:05:16.989Z') ON CONFLICT (id) DO NOTHING;
INSERT INTO "Cost" (id, name, amount, date, type, category, "createdAt", "updatedAt") VALUES ('cmm763b99000cup843r71g8z8', 'Pis', 451.65, '2026-03-15T12:00:00.000Z', 'GERAL', 'IMPOSTO', '2026-03-01T03:05:16.989Z', '2026-03-01T03:05:16.989Z') ON CONFLICT (id) DO NOTHING;
INSERT INTO "Cost" (id, name, amount, date, type, category, "createdAt", "updatedAt") VALUES ('cmm763b99000dup8473qawa1o', 'Cofins', 2080.33, '2026-03-15T12:00:00.000Z', 'GERAL', 'IMPOSTO', '2026-03-01T03:05:16.989Z', '2026-03-01T03:05:16.989Z') ON CONFLICT (id) DO NOTHING;
INSERT INTO "Cost" (id, name, amount, date, type, category, "createdAt", "updatedAt") VALUES ('cmm763b99000eup841hc349lt', 'IOF', 2136.82, '2026-03-15T12:00:00.000Z', 'GERAL', 'IMPOSTO', '2026-03-01T03:05:16.989Z', '2026-03-01T03:05:16.989Z') ON CONFLICT (id) DO NOTHING;
INSERT INTO "Cost" (id, name, amount, date, type, category, "createdAt", "updatedAt") VALUES ('cmm763b99000fup842u0dwk6h', 'Smartfactor', 1897.03, '2026-04-01T00:00:00.000Z', 'GERAL', 'FIXO', '2026-03-01T03:05:16.989Z', '2026-03-01T03:05:16.989Z') ON CONFLICT (id) DO NOTHING;
INSERT INTO "InvestmentTransaction" (id, "investorId", type, amount, date, prazo, "parentId", modalidade, rate, "createdAt", "updatedAt") VALUES ('cmm78nd0y0004upx0icoyd49m', 'cmm78nd0m0002upx0tx13kuwn', 'APORTE', 50000, '2023-06-16T00:00:00.000Z', NULL, NULL, NULL, NULL, '2026-03-01T04:16:51.634Z', '2026-03-01T04:16:51.634Z') ON CONFLICT (id) DO NOTHING;
INSERT INTO "InvestmentTransaction" (id, "investorId", type, amount, date, prazo, "parentId", modalidade, rate, "createdAt", "updatedAt") VALUES ('cmm78w9td0001upq44888m7dm', 'cmm78nd0m0002upx0tx13kuwn', 'APORTE', 35000, '2023-08-17T00:00:00.000Z', NULL, NULL, 'REINVESTIMENTO', 1.7, '2026-03-01T04:23:47.378Z', '2026-03-01T04:23:47.378Z') ON CONFLICT (id) DO NOTHING;
INSERT INTO "InvestmentTransaction" (id, "investorId", type, amount, date, prazo, "parentId", modalidade, rate, "createdAt", "updatedAt") VALUES ('cmm78wtam0003upq4zut5flxq', 'cmm78nd0m0002upx0tx13kuwn', 'APORTE', 60000, '2023-11-17T00:00:00.000Z', NULL, NULL, 'REINVESTIMENTO', 1.7, '2026-03-01T04:24:12.622Z', '2026-03-01T04:24:12.622Z') ON CONFLICT (id) DO NOTHING;
INSERT INTO "InvestmentTransaction" (id, "investorId", type, amount, date, prazo, "parentId", modalidade, rate, "createdAt", "updatedAt") VALUES ('cmm78xl7u0005upq4aw5rn23t', 'cmm78nd0m0002upx0tx13kuwn', 'RETIRADA', 5000, '2024-06-03T00:00:00.000Z', NULL, NULL, NULL, NULL, '2026-03-01T04:24:48.810Z', '2026-03-01T04:24:48.810Z') ON CONFLICT (id) DO NOTHING;
INSERT INTO "InvestmentTransaction" (id, "investorId", type, amount, date, prazo, "parentId", modalidade, rate, "createdAt", "updatedAt") VALUES ('cmm78y5o00007upq4r7a3thyc', 'cmm78nd0m0002upx0tx13kuwn', 'RETIRADA', 20000, '2024-08-05T00:00:00.000Z', NULL, NULL, NULL, NULL, '2026-03-01T04:25:15.312Z', '2026-03-01T04:25:15.312Z') ON CONFLICT (id) DO NOTHING;
INSERT INTO "InvestmentTransaction" (id, "investorId", type, amount, date, prazo, "parentId", modalidade, rate, "createdAt", "updatedAt") VALUES ('cmm78ynm10009upq4mjxhgctr', 'cmm78nd0m0002upx0tx13kuwn', 'RETIRADA', 5000, '2024-10-07T00:00:00.000Z', NULL, NULL, NULL, NULL, '2026-03-01T04:25:38.570Z', '2026-03-01T04:46:39.709Z') ON CONFLICT (id) DO NOTHING;
INSERT INTO "InvestmentTransaction" (id, "investorId", type, amount, date, prazo, "parentId", modalidade, rate, "createdAt", "updatedAt") VALUES ('cmm793pyo000bupq43b4t7lgd', 'cmm78nd0m0002upx0tx13kuwn', 'MUDANCA_REGRA', 0, '2024-10-07T00:00:00.000Z', NULL, NULL, 'RETIRADA', NULL, '2026-03-01T04:29:34.897Z', '2026-03-01T05:19:47.946Z') ON CONFLICT (id) DO NOTHING;
INSERT INTO "InvestmentTransaction" (id, "investorId", type, amount, date, prazo, "parentId", modalidade, rate, "createdAt", "updatedAt") VALUES ('cmm7axmum0002upwc7r4vd16d', 'cmm7axmu30000upwclsiaridt', 'APORTE', 10000, '2022-08-19T00:00:00.000Z', NULL, NULL, NULL, NULL, '2026-03-01T05:20:50.157Z', '2026-03-01T05:20:50.157Z') ON CONFLICT (id) DO NOTHING;
INSERT INTO "InvestmentTransaction" (id, "investorId", type, amount, date, prazo, "parentId", modalidade, rate, "createdAt", "updatedAt") VALUES ('cmm7ay6hl0004upwcjsxlh4cv', 'cmm7axmu30000upwclsiaridt', 'RETIRADA', 5000, '2026-01-05T00:00:00.000Z', NULL, NULL, NULL, NULL, '2026-03-01T05:21:15.609Z', '2026-03-01T05:21:15.609Z') ON CONFLICT (id) DO NOTHING;
INSERT INTO "InvestmentTransaction" (id, "investorId", type, amount, date, prazo, "parentId", modalidade, rate, "createdAt", "updatedAt") VALUES ('cmm7azvw50007upwct9q6hsae', 'cmm7azvvs0005upwc1s1eegnf', 'APORTE', 20000, '2023-02-27T00:00:00.000Z', NULL, NULL, NULL, NULL, '2026-03-01T05:22:35.189Z', '2026-03-01T05:22:35.189Z') ON CONFLICT (id) DO NOTHING;
INSERT INTO "InvestmentTransaction" (id, "investorId", type, amount, date, prazo, "parentId", modalidade, rate, "createdAt", "updatedAt") VALUES ('cmm7b0f2t0009upwct19aewrf', 'cmm7azvvs0005upwc1s1eegnf', 'APORTE', 5000, '2023-05-30T00:00:00.000Z', NULL, NULL, 'RETIRADA', 1.5, '2026-03-01T05:23:00.054Z', '2026-03-01T05:23:46.851Z') ON CONFLICT (id) DO NOTHING;
INSERT INTO "InvestmentTransaction" (id, "investorId", type, amount, date, prazo, "parentId", modalidade, rate, "createdAt", "updatedAt") VALUES ('cmm7b0z71000bupwcu2vcjjh3', 'cmm7azvvs0005upwc1s1eegnf', 'APORTE', 5000, '2023-07-07T00:00:00.000Z', NULL, NULL, 'RETIRADA', 1.5, '2026-03-01T05:23:26.125Z', '2026-03-01T05:23:26.125Z') ON CONFLICT (id) DO NOTHING;
INSERT INTO "InvestmentTransaction" (id, "investorId", type, amount, date, prazo, "parentId", modalidade, rate, "createdAt", "updatedAt") VALUES ('cmm7b18y5000dupwcny4r0553', 'cmm7azvvs0005upwc1s1eegnf', 'APORTE', 4000, '2023-10-08T00:00:00.000Z', NULL, NULL, 'RETIRADA', 1.5, '2026-03-01T05:23:38.765Z', '2026-03-01T05:23:38.765Z') ON CONFLICT (id) DO NOTHING;
INSERT INTO "InvestmentTransaction" (id, "investorId", type, amount, date, prazo, "parentId", modalidade, rate, "createdAt", "updatedAt") VALUES ('cmm7b6kwb000gupwcbqlsmn1a', 'cmm7b6kvz000eupwc7wklbfnz', 'APORTE', 150000, '2023-04-20T00:00:00.000Z', NULL, NULL, NULL, NULL, '2026-03-01T05:27:47.531Z', '2026-03-01T05:27:47.531Z') ON CONFLICT (id) DO NOTHING;
INSERT INTO "InvestmentTransaction" (id, "investorId", type, amount, date, prazo, "parentId", modalidade, rate, "createdAt", "updatedAt") VALUES ('cmm7b71ha000iupwcd7vrr8bi', 'cmm7b6kvz000eupwc7wklbfnz', 'APORTE', 50000, '2023-10-09T00:00:00.000Z', NULL, NULL, 'RETIRADA', 1.5, '2026-03-01T05:28:09.022Z', '2026-03-01T05:28:09.022Z') ON CONFLICT (id) DO NOTHING;
INSERT INTO "InvestmentTransaction" (id, "investorId", type, amount, date, prazo, "parentId", modalidade, rate, "createdAt", "updatedAt") VALUES ('cmm7b7f3z000kupwc3urr3pon', 'cmm7b6kvz000eupwc7wklbfnz', 'APORTE', 100000, '2023-10-20T00:00:00.000Z', NULL, NULL, 'RETIRADA', 1.5, '2026-03-01T05:28:26.688Z', '2026-03-01T05:28:26.688Z') ON CONFLICT (id) DO NOTHING;
INSERT INTO "InvestmentTransaction" (id, "investorId", type, amount, date, prazo, "parentId", modalidade, rate, "createdAt", "updatedAt") VALUES ('cmm7b7wnd000mupwcrjctocck', 'cmm7b6kvz000eupwc7wklbfnz', 'APORTE', 200000, '2024-03-18T00:00:00.000Z', NULL, NULL, 'RETIRADA', 1.6, '2026-03-01T05:28:49.418Z', '2026-03-01T05:28:49.418Z') ON CONFLICT (id) DO NOTHING;
INSERT INTO "InvestmentTransaction" (id, "investorId", type, amount, date, prazo, "parentId", modalidade, rate, "createdAt", "updatedAt") VALUES ('cmm7b8h0h000oupwc713wnwg7', 'cmm7b6kvz000eupwc7wklbfnz', 'APORTE', 150000, '2024-07-23T00:00:00.000Z', NULL, NULL, 'RETIRADA', 1.5, '2026-03-01T05:29:15.809Z', '2026-03-01T05:29:15.809Z') ON CONFLICT (id) DO NOTHING;
INSERT INTO "InvestmentTransaction" (id, "investorId", type, amount, date, prazo, "parentId", modalidade, rate, "createdAt", "updatedAt") VALUES ('cmm7b8tua000qupwcmosz5nsc', 'cmm7b6kvz000eupwc7wklbfnz', 'APORTE', 150000, '2024-01-28T00:00:00.000Z', NULL, NULL, 'RETIRADA', 1.5, '2026-03-01T05:29:32.434Z', '2026-03-01T05:29:32.434Z') ON CONFLICT (id) DO NOTHING;
INSERT INTO "InvestmentTransaction" (id, "investorId", type, amount, date, prazo, "parentId", modalidade, rate, "createdAt", "updatedAt") VALUES ('cmm7ban7f000supwc2jkdzxhi', 'cmm7b6kvz000eupwc7wklbfnz', 'APORTE', 50000, '2023-10-20T00:00:00.000Z', NULL, NULL, 'RETIRADA', 1.5, '2026-03-01T05:30:57.147Z', '2026-03-01T05:30:57.147Z') ON CONFLICT (id) DO NOTHING;
INSERT INTO "InvestmentTransaction" (id, "investorId", type, amount, date, prazo, "parentId", modalidade, rate, "createdAt", "updatedAt") VALUES ('cmm7bjf95000yupwcc1mi1xy2', 'cmm7b6kvz000eupwc7wklbfnz', 'RETIRADA', 150000, '2025-02-20T00:00:00.000Z', NULL, 'cmm7b8h0h000oupwc713wnwg7', NULL, NULL, '2026-03-01T05:37:46.745Z', '2026-03-01T05:37:57.339Z') ON CONFLICT (id) DO NOTHING;
